Otieno,90
Mohamed,81
Mwangi,78
Odhiambo,57
Maina,57
Ochieng,55
Ali,44
Kamau,43
Omondi,43
Onyango,43
Juma,39
Hassan,38
Abdi,38
Wambui,37
Atieno,37
Wanjiku,36
Njoroge,35
Njeri,35
Kariuki,33
Akinyi,32
Wafula,30
Achieng,30
Muthoni,30
Ouma,29
Ahmed,28
Kimani,26
Hussein,25
Adan,25
Mutua,24
Abdullahi,24
Adhiambo,24
Cheruiyot,23
Njuguna,23
Kibet,23
Simiyu,22
Macharia,22
Wanjala,21
Barasa,20
Wambua,20
Wairimu,20
Chebet,20
Koech,19
Ibrahim,19
Omar,19
Nyambura,19
Rotich,19
Karanja,19
Anyango,18
Wangui,18
Wekesa,18
Okoth,17
Langat,17
Chepkemoi,17
Mutuku,17
Owino,16
Wangari,16
Njoki,16
Awuor,16
Musyoka,16
Nyongesa,16
Cherotich,15
Wanyonyi,15
Chepkoech,15
Korir,15
Chelangat,15
Kiptoo,15
Mwendwa,15
Mbugua,15
Chege,14
Waweru,14
Kinyua,14
Ngugi,14
Kiprotich,14
Kipkoech,14
Oduor,14
Mburu,13
Akoth,13
Kirui,13
Mwende,13
Kioko,13
Gitonga,13
Rono,13
Auma,13
Mwaura,13
Muriithi,13
Gitau,13
Munene,13
Wachira,12
Irungu,12
Njeru,12
Kemboi,12
Mutai,12
Cherono,12
Kimutai,12
Ndungu,11
Nyaga,11
Mutinda,11
Ndung'u,11
Chepkorir,11
Ng'ang'a,11
Chepkirui,11
Kiprono,11
Mungai,11
Bett,11
Muriuki,11
Mwenda,11
Yussuf,11
Njenga,10
Said,10
Osman,10
Kiprop,10
Mohamud,10
Kiplagat,10
Kipkorir,10
Awino,10
John,10
Mwaniki,10
Charo,10
Murithi,10
Mugo,9
Kosgei,9
Makokha,9
Kyalo,9
Karisa,9
Ngetich,9
Okumu,9
Kinyanjui,9
Chepngetich,9
Peter,9
Maalim,9
Issack,9
Muli,9
Kazungu,9
Katana,9
Kimathi,9
Kiplangat,9
Wamalwa,8
Momanyi,8
Musyoki,8
Kuria,8
Mutisya,8
Cheptoo,8
Kipngetich,8
Wainaina,8
Chemutai,8
Muchiri,8
Nyakundi,8
Wanyama,8
Sheikh,8
Mohammed,8
Mugambi,8
Kipchumba,8
Nekesa,8
Wanja,8
Moraa,8
Odongo,8
Opiyo,8
Noor,7
Kahindi,7
Muiruri,7
Chepngeno,7
Mutunga,7
Mueni,7
Njagi,7
Ndegwa,7
Karimi,7
Nganga,7
Nyabuto,7
Wanjohi,7
Kipruto,7
David,7
Aden,7
Musa,7
Chepkwony,7
Sang,7
Okello,7
Oluoch,7
Ndirangu,7
Munyao,7
Murimi,7
Mumo,7
Kipchirchir,7
Mwikali,7
Njogu,7
Makena,7
Owuor,7
Ngeno,7
Mukami,7
Kerubo,7
Githinji,6
Joseph,6
Kipkirui,6
Makau,6
Kendi,6
Mwanzia,6
Ondieki,6
Mutheu,6
Mulwa,6
Muema,6
Kilonzo,6
Cherop,6
Muturi,6
Kiarie,6
Musembi,6
Waithira,6
Mutiso,6
Kipkemoi,6
Karani,6
Mwita,6
Waithera,6
Kirimi,6
Gatwiri,6
Wambugu,6
Mumbi,6
Ruto,6
Makori,6
Nanjala,6
Maingi,6
Chacha,6
Mwangangi,6
Muhumed,6
Nduta,6
Abdalla,5
Njiru,5
Wanjiru,5
Tanui,5
Nasimiyu,5
Lagat,5
Mwiti,5
Kinuthia,5
Kawira,5
Ogutu,5
Farah,5
Rutto,5
Guyo,5
Oloo,5
Musau,5
Chirchir,5
Yegon,5
Nduku,5
Salim,5
Kwamboka,5
Kinya,5
Were,5
Too,5
Mutuma,5
Odero,5
James,5
Abdirahman,5
Bakari,5
Mutwiri,5
Gakii,5
Omollo,5
Mbithi,5
Wesonga,5
Mboya,5
Kipsang,5
Muia,5
Masinde,4
Gathoni,4
Muthui,4
Kiplimo,4
Kipngeno,4
Kipkemboi,4
Paul,4
Thuo,4
Nkatha,4
Wasike,4
Ngigi,4
Kipyegon,4
Mokaya,4
Mutembei,4
Wandera,4
Nderitu,4
Mwai,4
Nyawira,4
Kimeu,4
Jepchirchir,4
Okeyo,4
Naliaka,4
Chepkurui,4
Maiyo,4
Jeptoo,4
Samuel,4
Bundi,4
Ngari,4
Mbogo,4
Kipkosgei,4
Kipkurui,4
Chelimo,4
Baya,4
Ngala,4
Waithaka,4
Omari,4
Aoko,4
Kimanzi,4
Ooko,4
Njue,4
Mutugi,4
Ndunge,4
Kenga,4
Jepkoech,4
Bosire,4
Wangechi,4
Ntinyari,4
Kathambi,4
Morara,4
Nzioka,4
Sifuna,4
Kanini,4
Mukhwana,4
Njau,4
Mwirigi,4
Munga,4
Tsuma,4
Kirwa,4
Kigen,4
Mathenge,4
Daniel,4
Odiwuor,4
Kassim,4
Mutie,4
Oketch,4
Mose,4
Kithinji,4
Kathure,4
Gichuki,4
Oyugi,4
Chepchirchir,4
Tonui,4
Mutethia,4
Muthomi,4
Jemutai,3
Safari,3
Cheruto,3
Ekai,3
Wangeci,3
Biwott,3
Tarus,3
Koskei,3
Keter,3
Nyaboke,3
Muthee,3
Kamande,3
Masika,3
Khaemba,3
Njambi,3
Wangila,3
Jerop,3
Mogaka,3
Issak,3
Odera,3
Kitsao,3
Dahir,3
Jebet,3
Muthoka,3
Haji,3
Muigai,3
Kanana,3
Ojwang,3
Waswa,3
Nzomo,3
Munyoki,3
Osoro,3
Kemei,3
Kombo,3
Hamisi,3
Wanyoike,3
Chesang,3
Mugendi,3
Owiti,3
Jeruto,3
Jepchumba,3
Ronoh,3
Yego,3
Baraka,3
Wahome,3
Ireri,3
Ogola,3
Mbithe,3
Aluoch,3
Salat,3
Nkirote,3
Bii,3
Nyamai,3
Musyimi,3
Ndanu,3
Ismail,3
Mbuthia,3
Muendo,3
Ngure,3
Limo,3
Ochola,3
Moses,3
Rop,3
Nyokabi,3
Komen,3
Kihara,3
Mmbone,3
Mumbua,3
Murugi,3
Boru,3
Ndinda,3
Sikuku,3
Muthama,3
Kiragu,3
Jepkosgei,3
Mukiri,3
Alio,3
Wanjira,3
Mokua,3
Opondo,3
Wario,3
Muinde,3
Suleiman,3
Orina,3
Khisa,3
Ouko,3
Jepkemboi,3
Michael,3
Murage,3
Jerotich,3
Kibe,3
Gitari,3
Chepchumba,3
Ndolo,3
Simon,3
Mugure,3
Abdille,3
Abdallah,3
Odoyo,3
Wawira,3
Kaingu,3
Ombati,3
Muhonja,3
Muriungi,3
Kimeli,3
Stephen,3
Nelima,3
Musili,3
Jepkorir,3
Deng,3
Toroitich,3
Obonyo,3
Ndiritu,3
Omwenga,3
Bashir,3
Kalama,3
Sigei,3
Nabwire,3
Kurgat,3
Maritim,3
Okinyi,3
Wamaitha,3
Emmanuel,3
Rashid,3
Mbuvi,3
Thuku,3
Sammy,3
Bahati,3
Obiero,3
Ndege,3
Koome,3
Masai,3
Gacheri,3
Charles,3
Nthenya,3
Kinoti,3
Muteti,3
Shikuku,2
Francis,2
Mwanza,2
Omolo,2
Nzuki,2
Mutegi,2
Kiptanui,2
Nzioki,2
Ayuma,2
Masha,2
Chumba,2
Jillo,2
Nduati,2
Kitheka,2
Jerono,2
Wayua,2
Mureithi,2
Ewoi,2
Muthini,2
Khalif,2
Sila,2
Mwihaki,2
Maroa,2
Ekiru,2
Jelimo,2
Ngina,2
Ojiambo,2
Chengo,2
Kagendo,2
Gichuhi,2
Matheka,2
Mulei,2
Kangogo,2
Brian,2
George,2
Mulongo,2
Murigi,2
Kiptum,2
Kipyego,2
Ndambuki,2
Kandie,2
Muasya,2
Warui,2
Kipkogei,2
Chebii,2
Kombe,2
Jepleting,2
Adow,2
Ngatia,2
Musungu,2
Njihia,2
Nyakio,2
Murunga,2
Amondi,2
Wamuyu,2
Abdikadir,2
Muindi,2
Mwalimu,2
Chelagat,2
Mutemi,2
Thomas,2
Ndwiga,2
Serem,2
Athman,2
Yusuf,2
Mong'are,2
Kimanthi,2
Nyang'au,2
Adongo,2
Mulinge,2
Muya,2
Chemtai,2
Nyamweya,2
Syombua,2
Kalume,2
Miriti,2
Mahat,2
Bwire,2
Kamene,2
Wanza,2
Muchui,2
Muoki,2
Ndichu,2
Yator,2
Kimaiyo,2
Ndunda,2
Gikonyo,2
Bosibori,2
Mwania,2
Muthuri,2
Ogolla,2
Thuranira,2
Musimbi,2
Wabwire,2
Nyaguthii,2
Munywoki,2
Muhia,2
Kadenge,2
Thoya,2
Keya,2
Okech,2
Kiio,2
Mongare,2
Mwongeli,2
Ongeri,2
Onsongo,2
Kennedy,2
Mbatha,2
Joshua,2
Nyangau,2
Githaiga,2
Maithya,2
Edin,2
Kanyi,2
Kogo,2
Muchoki,2
Maloba,2
Isaac,2
Kimotho,2
Ndiema,2
Muuo,2
Etyang,2
Kipkemei,2
Ngui,2
Julius,2
Njuki,2
Kipleting,2
Wabwile,2
Jepkirui,2
Sakwa,2
Kananu,2
Masila,2
Marwa,2
Mutindi,2
Kundu,2
Amina,2
Kang'ethe,2
Mwaka,2
Onyancha,2
Galgallo,2
Kaburu,2
Godana,2
Kilonzi,2
Bare,2
Muchai,2
Wasonga,2
Naibei,2
Ngumbao,2
Kiboi,2
Koros,2
Rioba,2
Philip,2
Nyambane,2
Muthiani,2
Ngunjiri,2
King'ori,2
Ndiwa,2
Wangare,2
Esekon,2
Kivuva,2
Kobia,2
Akumu,2
Ramadhan,2
Esinyen,2
Apiyo,2
Kasyoka,2
Wako,2
Situma,2
Kadzo,2
Mbula,2
Gichuru,2
Oyoo,2
William,2
Gitahi,2
Nyamawi,2
Kibor,2
Nzau,2
Wawire,2
Ngei,2
Cheboi,2
Kagwiria,2
Okelo,2
Jimale,2
Moseti,2
Patrick,2
Martin,2
Kitur,2
Ogeto,2
Kiiru,2
Ogega,2
Khamis,2
Mawira,2
Jepngetich,2
Nur,2
Boke,2
Maundu,2
Tuwei,2
Nyangweso,2
Wakhungu,2
Kungu,2
Wanjau,2
Ekal,2
Lumumba,2
Sitienei,2
Muraya,2
Kiilu,2
Nyamu,2
Orwa,2
Waruguru,2
Kimaru,2
Fondo,2
Muktar,2
Kangethe,2
Jepkogei,2
Nasambu,2
Ekeno,2
Ngige,2
Obuya,2
Okemwa,2
Robert,2
Robi,2
Matano,2
Mwongela,2
Mutia,2
Chumo,2
Karambu,2
Munyi,2
Sitati,2
Samson,2
Jacob,2
Gacheru,2
Cherutich,2
Abubakar,2
Chepkemboi,2
Abuga,2
Mangale,2
Muthike,2
Jackson,2
Mahamud,2
Mawia,2
Kimtai,2
Nyagaka,1
Wambura,1
Odira,1
Khamisi,1
Kurui,1
Murangiri,1
Kairu,1
Omwoyo,1
Mbae,1
Lelei,1
Issa,1
Kung'u,1
Samoei,1
Obare,1
Theuri,1
Samwel,1
Wanga,1
Roba,1
Soita,1
Mbaabu,1
Mwero,1
Ogada,1
Lewa,1
Kingori,1
Obara,1
Mutanu,1
Sawe,1
Murungi,1
Awinja,1
Nthiga,1
Siele,1
Baraza,1
Nzai,1
Mogire,1
Mwinzi,1
Maluki,1
Muthengi,1
Bor,1
Galgalo,1
Mbiti,1
Mauti,1
Oginga,1
Dida,1
Nzilani,1
Micheni,1
Mitei,1
Munyua,1
Ogweno,1
Terer,1
Nafula,1
Titus,1
Ekitela,1
Ambani,1
Amoit,1
Halake,1
Naserian,1
Cheyech,1
Mumbe,1
Gati,1
Maweu,1
Karuga,1
Ndoro,1
Ruwa,1
Mwadime,1
Duba,1
Kageha,1
Muga,1
Krop,1
Daud,1
Nyanchama,1
Muchira,1
Akello,1
Emuria,1
Chesire,1
Musee,1
Njoka,1
Ondiek,1
Anyona,1
Zawadi,1
Huka,1
Mahamed,1
Yakub,1
Kaberia,1
Kisilu,1
Thiong'o,1
Busienei,1
Wavinya,1
Mwinyi,1
Ombui,1
Mukundi,1
Hillow,1
Keitany,1
Chomba,1
Bulle,1
Mwema,1
Karuri,1
Mwathi,1
Soi,1
Evans,1
Imali,1
Migwi,1
Ratemo,1
Mutio,1
Alex,1
Misiko,1
Oyaro,1
Abdulla,1
Benson,1
Kithome,1
Mwamburi,1
Ngome,1
Ayieko,1
Okuku,1
Richard,1
Eyanae,1
Kabiru,1
Gichohi,1
Nyabuti,1
Abdow,1
Joel,1
Kitonga,1
Nyale,1
Towett,1
Mati,1
Ekidor,1
Mutahi,1
Mmboga,1
Oduori,1
Changawa,1
Nyangaresi,1
Maranga,1
Kalekye,1
Wanje,1
Kiama,1
Muimi,1
Gicheru,1
Salah,1
Eregae,1
Jarso,1
Sande,1
Kakai,1
Swaleh,1
Chenangat,1
Ngao,1
Nyambu,1
Onditi,1
Bonaya,1
Nandwa,1
Chebon,1
Mwakio,1
Mnangat,1
Lemayian,1
Erupe,1
Rugut,1
Mule,1
Gona,1
Maitha,1
Gachoki,1
Musila,1
Odinga,1
Dennis,1
Gichana,1
Chai,1
Muhoro,1
Jama,1
Nakhumicha,1
Jemeli,1
Mundia,1
Junior,1
Wamboi,1
Vaati,1
Fundi,1
Menza,1
Muchemi,1
Victor,1
Kituku,1
Kiogora,1
Makungu,1
Pkemoi,1
Jumba,1
Wechuli,1
Moturi,1
Kajuju,1
Mayaka,1
Yatich,1
Mbaka,1
Kibiwott,1
Mucheru,1
Gure,1
Ngaruiya,1
Okongo,1
Munguti,1
Ngotho,1
Mamo,1
Muthami,1
Benard,1
Ondari,1
Otiende,1
Mzungu,1
Ombasa,1
Kimosop,1
Jelagat,1
Muchangi,1
Aloo,1
Abdiaziz,1
Andrew,1
Gedi,1
Matara,1
Kelvin,1
Mwendia,1
Karwitha,1
Apondi,1
Barongo,1
Chepkwemoi,1
Mukoya,1
Minayo,1
Masese,1
Ziro,1
Kwemoi,1
Wakio,1
Munyiva,1
Saidi,1
Chepkosgei,1
Yaa,1
Achola,1
Mambo,1
Jelle,1
Tirop,1
Mbui,1
Komora,1
Abdifatah,1
Mageto,1
Kamathi,1
Kanja,1
Gathogo,1
Mutune,1
Wabomba,1
Kiptui,1
Gatimu,1
Jomo,1
Meli,1
Dagane,1
Mutungi,1
Mumba,1
Weru,1
Kabui,1
Kaimenyi,1
Kimemia,1
Musya,1
Jepkemei,1
Saina,1
Kaloki,1
Elijah,1
Kibiwot,1
Kiti,1
Nzisa,1
Kiema,1
Mogeni,1
Wanjugu,1
Birgen,1
Shariff,1
Gachanja,1
Osiemo,1
Onyiego,1
Iminza,1
Muange,1
Musumba,1
Bore,1
Saruni,1
Mwololo,1
Abdinoor,1
Awadh,1
Jefwa,1
Lumbasi,1
Wangai,1
Nyoike,1
Wanzala,1
Saitoti,1
Adam,1
Mogere,1
Benjamin,1
Kaari,1
Muraguri,1
Sidi,1
Nyawa,1
Kevin,1
Omweri,1
Maghanga,1
Nafuna,1
Angwenyi,1