Mohammed,26
Tesfaye,26
Hailu,23
Tadesse,21
Kebede,20
Bekele,18
Mekonnen,18
Abebe,15
Alemayehu,15
Desta,15
Teshome,15
Assefa,14
Getachew,14
Girma,14
Mamo,14
Abera,13
Gebremedhin,13
Hailemariam,12
Alemu,11
Hagos,11
Haile,11
Lemma,11
Mulugeta,11
Negash,11
Ahmed,10
Ali,10
Asfaw,10
Birhanu,10
Gebreegziabher,10
Samuel,10
Tsegaye,10
Worku,10
Dawit,9
Desalegn,9
Gebrehiwot,9
Gebremariam,9
Nigussie,9
Seid,9
Shiferaw,9
Tessema,9
Ayalew,8
Beyene,8
Genet,8
Hassen,8
Kassa,8
Legesse,8
Solomon,8
Tefera,8
Teklemariam,8
Temesgen,8
Tibebu,8
Woldemariam,8
Araya,7
Ayele,7
Fikadu,7
Fiseha,7
Gebre,7
Gebru,7
Hussen,7
Jemal,7
Mengistu,7
Mesfin,7
Moges,7
Teklu,7
Yimer,7
Yohannes,7
Alem,6
Belete,6
Birhane,6
Daniel,6
Gebreselassie,6
Getahun,6
Kassaye,6
Kidane,6
Mengesha,6
Taye,6
Teferi,6
Tilahun,6
Yosef,6
Abate,5
Asefa,5
Awol,5
Belay,5
Gebrekidan,5
Gebrewold,5
Gezahegn,5
Gizaw,5
Kedir,5
Kibret,5
Kidanemariam,5
Meshesha,5
Tesfay,5
Tsige,5
Wolde,5
Woldegiorgis,5
Workineh,5
Abreha,4
Adane,4
Adem,4
Anteneh,4
Asres,4
Berhe,4
Biru,4
Demisse,4
Ebrahim,4
Ermias,4
Eshetu,4
Eyob,4
Fasil,4
Gebeyehu,4
Gebretsadik,4
Gebreyohannes,4
Gemeda,4
Getu,4
Hailemichael,4
Henok,4
Kahsay,4
Kibrom,4
Kifle,4
Lema,4
Mehammed,4
Melaku,4
Michael,4
Mulat,4
Seifu,4
Shibeshi,4
Sintayehu,4
Siraj,4
Tafese,4
Takele,4
Tegegn,4
Tola,4
Woldegebriel,4
Woldemichael,4
Woldeyes,4
Woldu,4
Wondimagegn,4
Yesuf,4
Yonas,4
Yoseph,4
Zewdie,4
Abdo,3
Abdurahman,3
Abel,3
Abraha,3
Addisu,3
Ahimed,3
Alemneh,3
Amare,3
Ashenafi,3
Asrat,3
Ayana,3
Balcha,3
Bayu,3
Bejiga,3
Berhanu,3
Berihun,3
Bezabih,3
Biniyam,3
Debebe,3
Dejene,3
Dereje,3
Elias,3
Fenta,3
Fetene,3
Fitsum,3
Gebrearegawi,3
Gebregiorgis,3
Gebremeskel,3
Gebremichael,3
Gebresilassie,3
Gebreyes,3
Gidey,3
Goshu,3
Guesh,3
Haftu,3
Ibrahim,3
Juhar,3
Kassahun,3
Mebrate,3
Mekuria,3
Melese,3
Mitiku,3
Nega,3
Nuru,3
Reda,3
Samson,3
Seyoum,3
Tadese,3
Tekle,3
Terefe,3
Tesema,3
Tesfahun,3
Tesfamichael,3
Tewodros,3
Tigabu,3
Tiruneh,3
Tsegay,3
Tsehaye,3
Usman,3
Worke,3
Zegeye,3
Zelalem,3
Zenebe,3
Zewde,3
Abadi,2
Abay,2
Abdela,2
Abebaw,2
Abebayehu,2
Aberha,2
Abiy,2
Abreham,2
Adamu,2
Adihana,2
Adugna,2
Afework,2
Akalu,2
Aklilu,2
Alemseged,2
Aman,2
Aoamu,2
Aragaw,2
Arega,2
Argaw,2
Asaminew,2
Asegachew,2
Asgedom,2
Asmare,2
Atsebeha,2
Ayano,2
Ayenew,2
Batu,2
Bedada,2
Belachew,2
Belayneh,2
Berga,2
Beza,2
Biniam,2
Biruk,2
Bishaw,2
Bisrat,2
Bogale,2
Damte,2
Degefa,2
Degefu,2
Dema,2
Demoz,2
Deressa,2
Dinku,2
Ejigu,2
Endale,2
Endalew,2
Engida,2
Eshete,2
Esmael,2
Estifanos,2
Esubalew,2
Eyasu,2
Fantahun,2
Feleke,2
Feyisa,2
Feyissa,2
Fikre,2
Garedew,2
Gashaw,2
Gebreegziabeher,2
Gebremicheal,2
Gebreyesus,2
Gelan,2
Geremew,2
Gessesse,2
Getaneh,2
Getie,2
Girmay,2
Gizachew,2
Gutema,2
Hadis,2
Hadush,2
Hailay,2
Haileselassie,2
Hasen,2
Haylay,2
Hiluf,2
Hintsa,2
Jibril,2
Jiru,2
Kelecha,2
Kifile,2
Kiflom,2
Kitaw,2
Mammo,2
Mandefro,2
Markos,2
Mebratu,2
Megersa,2
Mehari,2
Meles,2
Mengist,2
Mengistie,2
Mola,2
Molla,2
Naod,2
Nebiyu,2
Nigatu,2
Nigusie,2
Nigusu,2
Oegefa,2
Paulos,2
Regasa,2
Reta,2
Robel,2
Sahile,2
Seboka,2
Senbeta,2
Shafi,2
Shanko,2
Sherif,2
Shewaye,2
Shewit,2
Shikur,2
Shimeles,2
Shimelis,2
Sibuh,2
Sileshi,2
Sime,2
Tadele,2
Tadios,2
Tamene,2
Tamirat,2
Tariku,2
Tasew,2
Tedila,2
Tedla,2
Tekelu,2
Tekeste,2
Temam,2
Tenagne,2
Tenaw,2
Tesfu,2
Tesgaye,2
Teshager,2
Tezera,2
Tikue,2
Tsega,2
Tuji,2
W.mariam,2
Wajebo,2
Wakene,2
Wakjira,2
Walelign,2
Wassie,2
Woldeamanuel,2
Woldecherkos,2
Woldesenbet,2
Woldie,2
Wondimu,2
Wondwosen,2
Workneh,2
Wubshet,2
Yehualashet,2
Yemane,2
Yeshanew,2
Yilma,2
Yimam,2
Yishak,2
Yohannis,2
Yonatan,2
Yusuf,2
Zeleke,2
Zena,2
Zewude,2
Fuii,1
Ababushen,1
Abagesa,1
Abamecha,1
Abaseko,1
Abat,1
Abawoldekidan,1
Abdella,1
Abdi,1
Abdissa,1
Abdu,1
Abdulhakim,1
Abdulkader,1
Abdulla,1
Abdulsemed,1
Abdurehman,1
Abebu,1
Abegaz,1
Abela,1
Abero,1
Abeza,1
Abi,1
Abidi,1
Abitew,1
Abo,1
Aboeta,1
Aboilkadir,1
Aboissa,1
Aboulrezak,1
Abriham,1
Abu,1
Abubeker,1
Abuyie,1
Adde,1
Addise,1
Addissie,1
Adebabay,1
Adera,1
Adigo,1
Adihanom,1
Adinew,1
Adisu,1
Admas,1
Admasu,1
Adnew,1
Aemero,1
Aemro,1
Aga,1
Agaga,1
Ageazi,1
Agez,1
Agide,1
Agiza,1
Agur,1
Ahemed,1
Ahimeo,1
Ahmedie,1
Aiamirew,1
Aiazar,1
Ajibe,1
Akale,1
Akelom,1
Alamrew,1
Alaro,1
Alazar,1
Aleayehu,1
Alebachew,1
Alemishet,1
Alene,1
Alimerah,1
Amato,1
Ambaw,1
Ambaye,1
Amdemichael,1
Amede,1
Amedemariam,1
Amena,1
Amenay,1
Amenti,1
Amerga,1
Aminu,1
Amsalu,1
Anbesu,1
Andargie,1
Andenet,1
Andiye,1
Andualem,1
Angore,1
Anibereber,1
Anis,1
Anjelo,1
Anwar,1
Aoem,1
Aomasu,1
Arage,1
Areaya,1
Areda,1
Aredo,1
Aregay,1
Artisso,1
Asamnew,1
Aschalew,1
Asebe,1
Asegid,1
Asegio,1
Asemahegn,1
Asemrie,1
Asen,1
Asfeah,1
Ashagire,1
Ashagre,1
Ashagrie,1
Asifaw,1
Askalemariam,1
Asmamaw,1
Asmelash,1
Asnak,1
Asnake,1
Asnakew,1
Assefaw,1
Astatekie,1
Atakilti,1
Atnafe,1
Atomisa,1
Atomsa,1
Atomssa,1
Atsbeha,1
Atsbiha,1
Au,1
Auwerew,1
Awasne,1
Aweke,1
Awoke,1
Awot,1
Awraris,1
Ayal,1
Ayalneh,1
Ayane,1
Aychiluhim,1
Aydagn,1
Ayetenew,1
Ayle,1
Azale,1
Azezew,1
Azmach,1
Bacha,1
Badeg,1
Bahirtas,1
Bahita,1
Bahre,1
Bahta,1
Bakarani,1
Balta,1
Bamlaku,1
Banteyirgu,1
Baraki,1
Barnabas,1
Bashaw,1
Bayisa,1
Bayissa,1
Bayitu,1
Baykegmagne,1
Bayleyegn,1
Baysase,1
Beedemariam,1
Behailu,1
Bekabil,1
Beker,1
Bekere,1
Belet,1
Belew,1
Belihu,1
Bemnet,1
Beneberu,1
Beori,1
Berahi,1
Berassa,1
Berea,1
Bereda,1
Berehe,1
Bereka,1
Berhan,1
Berta,1
Besha,1
Beshah,1
Besufekad,1
Beyan,1
Bezakulu,1
Bezu,1
Bihonegn,1
Bikila,1
Bilisuma,1
Biratu,1
Birehane,1
Birhanie,1
Birru,1
Biruck,1
Bisetegn,1
Bitew,1
Biyazne,1
Biza,1
Bizuneh,1
Bokie,1
Borena,1
Burka,1
Buseiri,1
Busen,1
Busha,1
Chaka,1
Challa,1
Chamissa,1
Chanyalew,1
Chemeda,1
Chere,1
Cherkos,1
Cheru,1
Chewaka,1
Chiro,1
Chjbssa,1
Chmdessa,1
Daba,1
Dadi,1
Dagmawi,1
Dahlak,1
Damisse,1
Daniso,1
De)en,1
Debalke,1
Debele,1
Debelie,1
Debesay,1
Deboch,1
Debru,1
Demasu,1
Demena,1
Demere,1
Demesew,1
Demessie,1
Demisachew,1
Demissie,1
Demmelash,1
Denba,1
Deneke,1
Denku,1
Dera,1
Derara,1
Derbie,1
Dersema,1
Desalegne,1
Dessie,1
Digafe,1
Dimese,1
Dimetros,1
Dimitse,1
Direba,1
Diress,1
Diressie,1
Dolla,1
Dukesa,1
Dusi,1
Ebey,1
Edao,1
Edile,1
Edris,1
Ekubay,1
Emagnu,1
Emeaelaf,1
Emiru,1
Emishaw,1
Enanu,1
Endalekachew,1
Endalkachew,1
Endashaw,1
Endebilhatu,1
Endewaga,1
Endires,1
Endris,1
Engedasew,1
Engidawerk,1
Engidawork,1
Engidu,1
Engioa,1
Eniyew,1
Epherem,1
Erekie,1
Ereta,1
Erge,1
Ermeyas,1
Ermiyas,1
Erorga,1
Erpasa,1
Esayas,1
Eshake,1
Eshite,1
Eskender,1
Eskindir,1
Esrael,1
Eticha,1
Etsey,1
Ewnetu,1
Ezekiel,1
Fanta,1
Fataw,1
Fedlu,1
Feitta,1
Fekadeselassie,1
Fekadu,1
Fentahun,1
Fentaye,1
Fera,1
Fesseha,1
Fetewi,1
Fetile,1
Fewzan,1
Fikadeslassie,1
Fikaou,1
Fikru,1
Filimon,1
Filjmon,1
Firew,1
Fisehatsion,1
Fisseha,1
Fita,1
Fitiwi,1
Fitwi,1
Fraol,1
Fresenbet,1
Fufa,1
Gafesu,1
Gamo,1
Garomisa,1
Gashawbeza,1
Gebereyohanes,1
Gebeyew,1
Gebiremariam,1
Gebiru,1
Gebisa,1
Gebrecherkos,1
Gebreegzabiher,1
Gebreegzi,1
Gebreegziabhaier,1
Gebreegzihabher,1
Gebreeyesus,1
Gebreezgi,1
Gebreezigi,1
Gebrehanna,1
Gebrei-ier,1
Gebrekiros,1
Gebrekirstos,1
Gebremedehin,1
Gebremeohin,1
Gebremicahel,1
Gebremickael,1
Gebresilasie,1
Gebresilassei,1
Gebresillase,1
Gebretekle,1
Gebretensae,1
Gebretensay,1
Gebretinsae,1
Gebretinsay,1
Gebretinsaye,1
Gebretsaoik,1
Gebretsdik,1
Gebretsion,1
Gebreyohannis,1
Gebrie,1
Gebrmariam,1
Gedamu,1
Gedion,1
Gediwon,1
Gedle,1
Gedlu,1
Geftaga,1
Gelaye,1
Gelete,1
Geletu,1
Gemechu,1
Genemo,1
Gensa,1
Gerensea,1
Gesese,1
Gesesew,1
Gessese,1
Getenet,1
Getinet,1
Getnet,1
Gezaehgn,1
Gezahegne,1
Gidena,1
Gidisa,1
Gidore,1
Gifaw,1
Giher,1
Gindaba,1
Girmaye,1
Giyorgis,1
Gmeskel,1
Godu,1
Goitom,1
Gosera,1
Gossaye,1
Guade,1
Gubena,1
Gudeta,1
Gugessa,1
Gugsa,1
Gulech,1
Gulla,1
Guoiso,1
Gurara,1
Gurumu,1
Gutemma,1
H.silase,1
Habib,1
Habte,1
Habtemariam,1
Habtemichael,1
Habtezgi,1
Hailegebreal,1
Hailegebreiel,1
Hailegebriel,1
Hailegiorgis,1
Hailegirogis,1
Hailelemeskel,1
Hailemaskle,1
Hailemeskel,1
Hailemicheal,1
Hailesilssaie,1
Hailesiussie,1
Haileweld,1
Haileyesus,1
Hailiu,1
Hajiso,1
Hakin,1
Hamid,1
Haoigu,1
Haoush,1
Hare,1
Haregewoyin,1
Haso,1
Haste,1
Hayile,1
Hayleabe,1
Heiru,1
Heluf,1
Henock,1
Hiruy,1
Hitsanu,1
Hizkiel,1
Hunegnaw,1
Hurssa,1
Hussein,1
Hussien,1
Ibrhem,1
Imam,1
Jaleta,1
Jara,1
Jego,1
Jemale,1
Jewehar,1
Jijo,1
Jimma,1
Jonathan,1
Kaba,1
Kabtyimer,1
Kalab,1
Kalayu,1
Kaleb,1
Kaltebo,1
Kasa,1
Kasahun,1
Kasim,1
Kassaou,1
Kassu,1
Katchaourian,1
Kebir,1
Kefeni,1
Kejela,1
Keleta,1
Kelkil,1
Kenea,1
Keneni,1
Kerie,1
Kerse,1
Kesesa,1
Kesete,1
Ketema,1
Keto,1
Keyoum,1
Kibatu,1
Kibeb,1
Kibebew,1
Kidanemariyam,1
Kidanu,1
Kidius,1
Kidus,1
Kifetew,1
Kiflie,1
Kiflu,1
Kihishen,1
Kinde,1
Kindu,1
Kinfe,1
Kinfu,1
Kioanu,1
Kious,1
Kiros,1
Kitila,1
Korme,1
Kumbi,1
Kumera,1
Lakachew,1
Layne,1
Lebeza,1
Legese,1
Lemelem,1
Leoul,1
Leuel,1
Leul,1
Leuleselassie,1
Leulseged,1
Lewfie,1
Limenih,1
Lisanu,1
Loji,1
Luelseged,1
Lukas,1
Maeregu,1
Mafegna,1
Mahemude,1
Mako,1
Male,1
Malicha,1
Malore,1
Mamas,1
Mamuye,1
Manji,1
Manuhe,1
Marchip,1
Mariyo,1
Maru,1
Maruta,1
Marye,1
Masresha,1
Mebirati,1
Mebrahitu,1
Mebrehatij,1
Mecha,1
Mehamed,1
Mehammeo,1
Mehretu,1
Meja,1
Mekasha,1
Mekbib,1
Mekebo,1
Mekonen,1
Mekonin,1
Mekonnin,1
Mekuriya,1
Melesse,1
Melkie,1
Mena,1
Menameno,1
Mengiste,1
Mengjstu,1
Menilik,1
Menkefu,1
Menur,1
Merdokiyos,1
Meressa,1
Mergo,1
Merra,1
Mersha,1
Mersia,1
Mesele,1
Meshasha,1
Messay,1
Mesuud,1
Meta,1
Metaferia,1
Mewa,1
Mewulid,1
Mezgebe,1
Mezgebu,1
Mihiret,1
Mihrate,1
Mihretij,1
Mihretu,1
Mikewa,1
Mikiyas,1
Milion,1
Minalu,1
Minaye,1
Miraf,1
Misgana,1
Misham,1
Misker,1
Mismar,1
Misrak,1
Mogesse,1
Mohamed,1
Mohamedhagos,1
Mohammud,1
Mohamud,1
Molalegn,1
Mudesir,1
Muhammed,1
Muhiye,1
Muiaw,1
Muktar,1
Mulatu,1
Mulie,1
Mulualem,1
Muluberhan,1
Muluneh,1
Mulushowa,1
Muluwerk,1
Mumicha,1
Mustefa,1
Nadew,1
Nahom,1
Nakachew,1
Name,1
Nardos,1
Nasir,1
Natnael,1
Nebil,1
Nebiyat,1
Negewo,1
Negiya,1
Nemera,1
Nerihe,1
Nerisho,1
Nesibu,1
Nesiru,1
Niguma,1
Nigusse,1
Nirea,1
Nuel,1
Nuh,1
Nurhusen,1
Oagnaw,1
Oege,1
Oesse,1
Oinberu,1
Ojige,1
Omer,1
Orecho,1
Oso,1
Oubale,1
Oumer,1
Oz,1
Rase,1
Redae,1
Redi,1
Roba,1
Robele,1
Robson,1
Rusom,1
Sahlemariam,1
Saia,1
Salih,1
Salman,1
Samuael,1
Samueal,1
Santi,1
Sape,1
Sarkis,1
Sauh,1
Sebayn,1
Segu,1
Seife,1
Selemon,1
Selomon,1
Senay,1
Senbe,1
Sentayehu,1
Senti,1
Serkaddis,1
Sertse,1
Sesani,1
Setargachew,1
Sewinet,1
Seye,1
Seyfedin,1
Seyfu,1
Seyifu,1
Shambel,1
Sharew,1
Shekmohamed,1
Shemsu,1
Sherefedin,1
Shewameskot,1
Shewandagn,1
Shewarega,1
Shewazemed,1
Shibabaw,1
Shibrie,1
Shigere,1
Shimekit,1
Shumete,1
Shuru,1
Sibehat,1
Sibihatu,1
Sinke,1
Sirgaga,1
Sitotaw,1
Siyum,1
Sultan,1
Surur,1
T.haimanot,1
Tademe,1
Tafa,1
Tafete,1
Talegeta,1
Tamere,1
Tamire,1
Tamiru,1
Taoege,1
Tarekegn,1
Teferegn,1
Tegene,1
Tegenu,1
Teka,1
Tekalign,1
Tekaw,1
Teketel,1
Tekile,1
Tekilegiorigis,1
Tekilewold,1
Tekilu,1
Teklegiorgis,1
Teklehaimanot,1
Teklehaymanot,1
Teklemeohin,1
Tekletsion,1
Tekola,1
Tekue,1
Telly,1
Tema,1
Temamo,1
Temeche,1
Temotios,1
Temsegen,1
Tenkir,1
Tenkolu,1
Tensaew,1
Teola,1
Teramed,1
Tesfahiwot,1
Tesfaw,1
Teshom,1
Tetemke,1
Tewlde,1
Tewolde,1
Tewooros,1
Teyib,1
Tibebe,1
Tigi,1
Tiiahun,1
Tijlu,1
Tikui,1
Timo,1
Tinsae,1
Tirusew,1
Tium,1
Tizazu,1
Tolosa,1
Tomas,1
Tsegaidem,1
Tsegaw,1
Tsfaye,1
Tshaye,1
Tucho,1
Tufa,1
Tumoro,1
Turi,1
Tuta,1
Uma,1
Urega,1
Usan,1
Utalo,1
Virga,1
W.gebriel,1
Wami,1
Wargo,1
Wasihun,1
Wedajo,1
Wegase,1
Wegayehu,1
Weldeamanuel,1
Weldearegay,1
Weldeghiorgis,1
Weldesenbet,1
Wendaga,1
Wendemu,1
Wereta,1
Werkeneh,1
Werkneh,1
Werku,1
Werotaw,1
Weyesa,1
Wibishet,1
Wogayehu,1
Woifen,1
Wolay,1
Wolday,1
Woldeamanuiel,1
Woldearegay,1
Woldegebreal,1
Woldegebrieal,1
Woldegerima,1
Woldehana,1
Woldemariyam,1
Woldemedihin,1
Woldemichaiel,1
Wolderufael,1
Woldesamuel,1
Woldeselama,1
Woldeselase,1
Woldesemayat,1
Woldesilasie,1
Woldesilasse,1
Woldesilassie,1
Woldetesfay,1
Woldetsadik,1
Woldetsaoik,1
Wolou,1
Wonda,1
Wondim,1
Wondosn,1
Wondwesen,1
Wondyifraw,1
Wooajo,1
Wooessa,1
Woreku,1
Wosene,1
Woyema,1
Wubeshet,1
Wubishet,1
Wubneh,1
Wudmatas,1
Wudneh,1
Wuhib,1
Wujira,1
Wulou,1
Yadeta,1
Yahya,1
Yaikob,1
Yared,1
Yareo,1
Yasin,1
Yassin,1
Yayehyirad,1
Yeabsira,1
Yeayineshet,1
Yedenekachew,1
Yeebiye,1
Yegletu,1
Yehaia,1
Yemanbirhan,1
Yemata,1
Yemeru,1
Yeselfeko,1
Yeshitila,1
Yibire,1
Yifru,1
Yigezu,1
Yihdegu,1
Yihenew,1
Yihidago,1
Yikunuamlak,1
Yimen,1
Yimeru,1
Yirga,1
Yirgu,1
Yisak,1
Yitagesu,1
Yitayew,1
Yizengawu,1
Yoftahe,1
Yohaleshet,1
Yonadab,1
Yonnas,1
Zebene,1
Zehir,1
Zekarias,1
Zekariya,1
Zekariyas,1
Zelelew,1
Zemelekot,1
Zemenefes,1
Zereay,1
Zerfu,1
Zerihun,1
Zeryhun,1
Zewdu,1
Zewold,1
Zewolde,1
Zewudie,1
Zewudu,1
Zinab,1
Zurga,1
