Sisay,8,female,1
Meseret,7,female,1
Habtamu,7,female,1
Selamawit,7,female,1
Helen,6,female,1
Meaza,6,female,1
Meron,6,female,1
Rahel,6,female,1
Almaz,5,female,1
Abeba,4,female,1
Aberash,4,female,1
Alemtsehay,4,female,1
Aster,4,female,1
Sara,4,female,1
Senait,4,female,1
Tigist,4,female,1
Zinash,4,female,1
Adanech,3,female,1
Elsabet,3,female,1
Fikirte,3,female,1
Hiwot,3,female,1
Kidist,3,female,1
Mahlet,3,female,1
Marta,3,female,1
Rediet,3,female,1
Saba,3,female,1
Selam,3,female,1
Tsehay,3,female,1
Abebech,2,female,1
Abiyot,2,female,1
Asnakech,2,female,1
Azeb,2,female,1
Biri,2,female,1
Birtukan,2,female,1
Etaferahu,2,female,1
Etenesh,2,female,1
Eyerusalem,2,female,1
Fantu,2,female,1
Fayza,2,female,1
Hadera,2,female,1
Hana,2,female,1
Hanna,2,female,1
Haregewoin,2,female,1
Hayat,2,female,1
Kalkidan,2,female,1
Mahider,2,female,1
Menbere,2,female,1
Mihret,2,female,1
Netsanet,2,female,1
Rehima,2,female,1
Samrawit,2,female,1
Saron,2,female,1
Seble,2,female,1
Semira,2,female,1
Simegn,2,female,1
Tewabech,2,female,1
Tiruwork,2,female,1
Tizita,2,female,1
Workinesh,2,female,1
Worknesh,2,female,1
Yewubdar,2,female,1
Zinet,2,female,1
Melat,1,female,1
Ababech,1,female,1
Abnet,1,female,1
Abrehet,1,female,1
Abrihet,1,female,1
Achamyelesh,1,female,1
Afia,1,female,1
Alemneshi,1,female,1
Alewiya,1,female,1
Amina,1,female,1
Amit,1,female,1
Anahid,1,female,1
Aregash,1,female,1
Asegedech,1,female,1
Asekale,1,female,1
Aseteway,1,female,1
Asha,1,female,1
Asimeret,1,female,1
Askal,1,female,1
Askale,1,female,1
Asnakeche,1,female,1
Asratemariam,1,female,1
Atalel,1,female,1
Atsenael,1,female,1
Awag,1,female,1
Ayantu,1,female,1
Ayda,1,female,1
Ayelech,1,female,1
Aynalem,1,female,1
Ayush,1,female,1
Azmera,1,female,1
Banchiayehu,1,female,1
Banchiwosen,1,female,1
Bayush,1,female,1
Beamlak,1,female,1
Bedriya,1,female,1
Bekelech,1,female,1
Bereket,1,female,1
Beri,1,female,1
Beruketawit,1,female,1
Beshaou,1,female,1
Betel,1,female,1
Betelhem,1,female,1
Betelihem,1,female,1
Bethelhem,1,female,1
Bethelihim,1,female,1
Betselot,1,female,1
Bilen,1,female,1
Biruktawit,1,female,1
Bizayehu,1,female,1
Bizuayehu,1,female,1
Bizunesh,1,female,1
Boni,1,female,1
Btelhem,1,female,1
Danayit,1,female,1
Daremyelesh,1,female,1
Debritu,1,female,1
Demekech,1,female,1
Dimitsi,1,female,1
Dina,1,female,1
Dinke,1,female,1
Dinknesh,1,female,1
Eden,1,female,1
Ejigayehu,1,female,1
Elsa,1,female,1
Eman,1,female,1
Embet,1,female,1
Emebet,1,female,1
Enatnesh,1,female,1
Esete,1,female,1
Etalem,1,female,1
Etalemahu,1,female,1
Etsehiwot,1,female,1
Fanaye,1,female,1
Fantaye,1,female,1
Fasika,1,female,1
Feben,1,female,1
Felekech,1,female,1
Fetiya,1,female,1
Feven,1,female,1
Firehiwot,1,female,1
Fireseuw,1,female,1
Firewoini,1,female,1
Firezer,1,female,1
Freweyni,1,female,1
Frewoini,1,female,1
Gelela,1,female,1
Gelila,1,female,1
Getebager,1,female,1
Gezachgn,1,female,1
Habtnesh,1,female,1
Hadas,1,female,1
Haimanot,1,female,1
Halima,1,female,1
Hani,1,female,1
Hansa,1,female,1
Hargewoyin,1,female,1
Hawalt,1,female,1
Hawi,1,female,1
Helina,1,female,1
Hikma,1,female,1
Hirut,1,female,1
Huda,1,female,1
Jonese,1,female,1
Kassech,1,female,1
Kedija,1,female,1
Kidan,1,female,1
Kidisit,1,female,1
Kimiya,1,female,1
Kiya,1,female,1
Konjit,1,female,1
Lakech,1,female,1
Ledet,1,female,1
Lemlem,1,female,1
Letay,1,female,1
Letebirehan,1,female,1
Letebirhan,1,female,1
Letey,1,female,1
Lidia,1,female,1
Lidiya,1,female,1
Mamit,1,female,1
Manyahilishal,1,female,1
Mariz,1,female,1
Mebrat,1,female,1
Meklit,1,female,1
Melikte,1,female,1
Melkam,1,female,1
Melke,1,female,1
Merkeb,1,female,1
Meskerem,1,female,1
Mestawot,1,female,1
Miliate,1,female,1
Miniya,1,female,1
Mulubrhan,1,female,1
Muluwork,1,female,1
Neima,1,female,1
Nejat,1,female,1
Neserin,1,female,1
Nigist,1,female,1
Nigisti,1,female,1
Nuhamin,1,female,1
Rahiel,1,female,1
Rahma,1,female,1
Rakeb,1,female,1
Rebecca,1,female,1
Rekik,1,female,1
Ribka,1,female,1
Rigbe,1,female,1
Roman,1,female,1
Samerawit,1,female,1
Seada,1,female,1
Sebele,1,female,1
Sebile,1,female,1
Seblehiwot,1,female,1
Selamnesh,1,female,1
Senayit,1,female,1
Seralem,1,female,1
Serawit,1,female,1
Serkalem,1,female,1
Simegnsh,1,female,1
Simret,1,female,1
Sindaye,1,female,1
Sinishash,1,female,1
Sitira,1,female,1
Solome,1,female,1
Sophia,1,female,1
Tadelech,1,female,1
Tayech,1,female,1
Tebereh,1,female,1
Tegest,1,female,1
Tegist,1,female,1
Teje,1,female,1
Tejinesh,1,female,1
Tenaye,1,female,1
Terefa,1,female,1
Tesfanesh,1,female,1
Tigest,1,female,1
Tihitena,1,female,1
Timaje,1,female,1
Tirehas,1,female,1
Tirhas,1,female,1
Tirunesh,1,female,1
Tsedale,1,female,1
Tsedenia,1,female,1
Tsedy,1,female,1
Tsege,1,female,1
Tsegereda,1,female,1
Tsehayinesh,1,female,1
Tseoale,1,female,1
Tsion,1,female,1
Tsiyon,1,female,1
Wegenie,1,female,1
Weyeni,1,female,1
Weyne,1,female,1
Winta,1,female,1
Wintana,1,female,1
Woinhareg,1,female,1
Workie,1,female,1
Wosenyelesh,1,female,1
Woynishet,1,female,1
Wubalem,1,female,1
Wubayehu,1,female,1
Wudenesh,1,female,1
Wudie,1,female,1
Yalemget,1,female,1
Yebichaye,1,female,1
Yegele,1,female,1
Yemsirach,1,female,1
Yenatfenta,1,female,1
Yeshareg,1,female,1
Yeshi,1,female,1
Yeshimebet,1,female,1
Yewalawork,1,female,1
Yibrealem,1,female,1
Yihdega,1,female,1
Yirgedu,1,female,1
Yisalemush,1,female,1
Yishmebet,1,female,1
Yismalem,1,female,1
Yodit,1,female,1
Yoroanos,1,female,1
Zahara,1,female,1
Zebib,1,female,1
Zebiba,1,female,1
Zeleka,1,female,1
Zenebework,1,female,1
Zewdinesh,1,female,1
Zewditiu,1,female,1
Zewdnesh,1,female,1
Zewednish,1,female,1
Zeyituna,1,female,1
Zinaye,1,female,1
Mohammed,26,male,1
Tesfaye,26,male,1
Hailu,23,male,1
Tadesse,21,male,1
Kebede,20,male,1
Bekele,18,male,1
Mekonnen,18,male,1
Abebe,15,male,1
Alemayehu,15,male,1
Desta,15,male,1
Teshome,15,male,1
Assefa,14,male,1
Getachew,14,male,1
Girma,14,male,1
Mamo,14,male,1
Abera,13,male,1
Gebremedhin,13,male,1
Hailemariam,12,male,1
Alemu,11,male,1
Hagos,11,male,1
Haile,11,male,1
Lemma,11,male,1
Mulugeta,11,male,1
Negash,11,male,1
Ahmed,10,male,1
Ali,10,male,1
Asfaw,10,male,1
Birhanu,10,male,1
Gebreegziabher,10,male,1
Samuel,10,male,1
Tsegaye,10,male,1
Worku,10,male,1
Dawit,9,male,1
Desalegn,9,male,1
Gebrehiwot,9,male,1
Gebremariam,9,male,1
Nigussie,9,male,1
Seid,9,male,1
Shiferaw,9,male,1
Tessema,9,male,1
Ayalew,8,male,1
Beyene,8,male,1
Genet,8,male,1
Hassen,8,male,1
Kassa,8,male,1
Legesse,8,male,1
Solomon,8,male,1
Tefera,8,male,1
Teklemariam,8,male,1
Temesgen,8,male,1
Tibebu,8,male,1
Woldemariam,8,male,1
Araya,7,male,1
Ayele,7,male,1
Fikadu,7,male,1
Fiseha,7,male,1
Gebre,7,male,1
Gebru,7,male,1
Hussen,7,male,1
Jemal,7,male,1
Mengistu,7,male,1
Mesfin,7,male,1
Moges,7,male,1
Teklu,7,male,1
Yimer,7,male,1
Yohannes,7,male,1
Alem,6,male,1
Belete,6,male,1
Birhane,6,male,1
Daniel,6,male,1
Gebreselassie,6,male,1
Getahun,6,male,1
Kassaye,6,male,1
Kidane,6,male,1
Mengesha,6,male,1
Taye,6,male,1
Teferi,6,male,1
Tilahun,6,male,1
Yosef,6,male,1
Abate,5,male,1
Asefa,5,male,1
Awol,5,male,1
Belay,5,male,1
Gebrekidan,5,male,1
Gebrewold,5,male,1
Gezahegn,5,male,1
Gizaw,5,male,1
Kedir,5,male,1
Kibret,5,male,1
Kidanemariam,5,male,1
Meshesha,5,male,1
Tesfay,5,male,1
Tsige,5,male,1
Wolde,5,male,1
Woldegiorgis,5,male,1
Workineh,5,male,1
Abreha,4,male,1
Adane,4,male,1
Adem,4,male,1
Anteneh,4,male,1
Asres,4,male,1
Berhe,4,male,1
Biru,4,male,1
Demisse,4,male,1
Ebrahim,4,male,1
Ermias,4,male,1
Eshetu,4,male,1
Eyob,4,male,1
Fasil,4,male,1
Gebeyehu,4,male,1
Gebretsadik,4,male,1
Gebreyohannes,4,male,1
Gemeda,4,male,1
Getu,4,male,1
Hailemichael,4,male,1
Henok,4,male,1
Kahsay,4,male,1
Kibrom,4,male,1
Kifle,4,male,1
Lema,4,male,1
Mehammed,4,male,1
Melaku,4,male,1
Michael,4,male,1
Mulat,4,male,1
Seifu,4,male,1
Shibeshi,4,male,1
Sintayehu,4,male,1
Siraj,4,male,1
Tafese,4,male,1
Takele,4,male,1
Tegegn,4,male,1
Tola,4,male,1
Woldegebriel,4,male,1
Woldemichael,4,male,1
Woldeyes,4,male,1
Woldu,4,male,1
Wondimagegn,4,male,1
Yesuf,4,male,1
Yonas,4,male,1
Yoseph,4,male,1
Zewdie,4,male,1
Abdo,3,male,1
Abdurahman,3,male,1
Abel,3,male,1
Abraha,3,male,1
Addisu,3,male,1
Ahimed,3,male,1
Alemneh,3,male,1
Amare,3,male,1
Ashenafi,3,male,1
Asrat,3,male,1
Ayana,3,male,1
Balcha,3,male,1
Bayu,3,male,1
Bejiga,3,male,1
Berhanu,3,male,1
Berihun,3,male,1
Bezabih,3,male,1
Biniyam,3,male,1
Debebe,3,male,1
Dejene,3,male,1
Dereje,3,male,1
Elias,3,male,1
Fenta,3,male,1
Fetene,3,male,1
Fitsum,3,male,1
Gebrearegawi,3,male,1
Gebregiorgis,3,male,1
Gebremeskel,3,male,1
Gebremichael,3,male,1
Gebresilassie,3,male,1
Gebreyes,3,male,1
Gidey,3,male,1
Goshu,3,male,1
Guesh,3,male,1
Haftu,3,male,1
Ibrahim,3,male,1
Juhar,3,male,1
Kassahun,3,male,1
Mebrate,3,male,1
Mekuria,3,male,1
Melese,3,male,1
Mitiku,3,male,1
Nega,3,male,1
Nuru,3,male,1
Reda,3,male,1
Samson,3,male,1
Seyoum,3,male,1
Tadese,3,male,1
Tekle,3,male,1
Terefe,3,male,1
Tesema,3,male,1
Tesfahun,3,male,1
Tesfamichael,3,male,1
Tewodros,3,male,1
Tigabu,3,male,1
Tiruneh,3,male,1
Tsegay,3,male,1
Tsehaye,3,male,1
Usman,3,male,1
Worke,3,male,1
Zegeye,3,male,1
Zelalem,3,male,1
Zenebe,3,male,1
Zewde,3,male,1
Abadi,2,male,1
Abay,2,male,1
Abdela,2,male,1
Abebaw,2,male,1
Abebayehu,2,male,1
Aberha,2,male,1
Abiy,2,male,1
Abreham,2,male,1
Adamu,2,male,1
Adihana,2,male,1
Adugna,2,male,1
Afework,2,male,1
Akalu,2,male,1
Aklilu,2,male,1
Alemseged,2,male,1
Aman,2,male,1
Aoamu,2,male,1
Aragaw,2,male,1
Arega,2,male,1
Argaw,2,male,1
Asaminew,2,male,1
Asegachew,2,male,1
Asgedom,2,male,1
Asmare,2,male,1
Atsebeha,2,male,1
Ayano,2,male,1
Ayenew,2,male,1
Batu,2,male,1
Bedada,2,male,1
Belachew,2,male,1
Belayneh,2,male,1
Berga,2,male,1
Beza,2,male,1
Biniam,2,male,1
Biruk,2,male,1
Bishaw,2,male,1
Bisrat,2,male,1
Bogale,2,male,1
Damte,2,male,1
Degefa,2,male,1
Degefu,2,male,1
Dema,2,male,1
Demoz,2,male,1
Deressa,2,male,1
Dinku,2,male,1
Ejigu,2,male,1
Endale,2,male,1
Endalew,2,male,1
Engida,2,male,1
Eshete,2,male,1
Esmael,2,male,1
Estifanos,2,male,1
Esubalew,2,male,1
Eyasu,2,male,1
Fantahun,2,male,1
Feleke,2,male,1
Feyisa,2,male,1
Feyissa,2,male,1
Fikre,2,male,1
Garedew,2,male,1
Gashaw,2,male,1
Gebreegziabeher,2,male,1
Gebremicheal,2,male,1
Gebreyesus,2,male,1
Gelan,2,male,1
Geremew,2,male,1
Gessesse,2,male,1
Getaneh,2,male,1
Getie,2,male,1
Girmay,2,male,1
Gizachew,2,male,1
Gutema,2,male,1
Hadis,2,male,1
Hadush,2,male,1
Hailay,2,male,1
Haileselassie,2,male,1
Hasen,2,male,1
Haylay,2,male,1
Hiluf,2,male,1
Hintsa,2,male,1
Jibril,2,male,1
Jiru,2,male,1
Kelecha,2,male,1
Kifile,2,male,1
Kiflom,2,male,1
Kitaw,2,male,1
Mammo,2,male,1
Mandefro,2,male,1
Markos,2,male,1
Mebratu,2,male,1
Megersa,2,male,1
Mehari,2,male,1
Meles,2,male,1
Mengist,2,male,1
Mengistie,2,male,1
Mola,2,male,1
Molla,2,male,1
Naod,2,male,1
Nebiyu,2,male,1
Nigatu,2,male,1
Nigusie,2,male,1
Nigusu,2,male,1
Oegefa,2,male,1
Paulos,2,male,1
Regasa,2,male,1
Reta,2,male,1
Robel,2,male,1
Sahile,2,male,1
Seboka,2,male,1
Senbeta,2,male,1
Shafi,2,male,1
Shanko,2,male,1
Sherif,2,male,1
Shewaye,2,male,1
Shewit,2,male,1
Shikur,2,male,1
Shimeles,2,male,1
Shimelis,2,male,1
Sibuh,2,male,1
Sileshi,2,male,1
Sime,2,male,1
Tadele,2,male,1
Tadios,2,male,1
Tamene,2,male,1
Tamirat,2,male,1
Tariku,2,male,1
Tasew,2,male,1
Tedila,2,male,1
Tedla,2,male,1
Tekelu,2,male,1
Tekeste,2,male,1
Temam,2,male,1
Tenagne,2,male,1
Tenaw,2,male,1
Tesfu,2,male,1
Tesgaye,2,male,1
Teshager,2,male,1
Tezera,2,male,1
Tikue,2,male,1
Tsega,2,male,1
Tuji,2,male,1
W.mariam,2,male,1
Wajebo,2,male,1
Wakene,2,male,1
Wakjira,2,male,1
Walelign,2,male,1
Wassie,2,male,1
Woldeamanuel,2,male,1
Woldecherkos,2,male,1
Woldesenbet,2,male,1
Woldie,2,male,1
Wondimu,2,male,1
Wondwosen,2,male,1
Workneh,2,male,1
Wubshet,2,male,1
Yehualashet,2,male,1
Yemane,2,male,1
Yeshanew,2,male,1
Yilma,2,male,1
Yimam,2,male,1
Yishak,2,male,1
Yohannis,2,male,1
Yonatan,2,male,1
Yusuf,2,male,1
Zeleke,2,male,1
Zena,2,male,1
Zewude,2,male,1
Fuii,1,male,1
Ababushen,1,male,1
Abagesa,1,male,1
Abamecha,1,male,1
Abaseko,1,male,1
Abat,1,male,1
Abawoldekidan,1,male,1
Abdella,1,male,1
Abdi,1,male,1
Abdissa,1,male,1
Abdu,1,male,1
Abdulhakim,1,male,1
Abdulkader,1,male,1
Abdulla,1,male,1
Abdulsemed,1,male,1
Abdurehman,1,male,1
Abebu,1,male,1
Abegaz,1,male,1
Abela,1,male,1
Abero,1,male,1
Abeza,1,male,1
Abi,1,male,1
Abidi,1,male,1
Abitew,1,male,1
Abo,1,male,1
Aboeta,1,male,1
Aboilkadir,1,male,1
Aboissa,1,male,1
Aboulrezak,1,male,1
Abriham,1,male,1
Abu,1,male,1
Abubeker,1,male,1
Abuyie,1,male,1
Adde,1,male,1
Addise,1,male,1
Addissie,1,male,1
Adebabay,1,male,1
Adera,1,male,1
Adigo,1,male,1
Adihanom,1,male,1
Adinew,1,male,1
Adisu,1,male,1
Admas,1,male,1
Admasu,1,male,1
Adnew,1,male,1
Aemero,1,male,1
Aemro,1,male,1
Aga,1,male,1
Agaga,1,male,1
Ageazi,1,male,1
Agez,1,male,1
Agide,1,male,1
Agiza,1,male,1
Agur,1,male,1
Ahemed,1,male,1
Ahimeo,1,male,1
Ahmedie,1,male,1
Aiamirew,1,male,1
Aiazar,1,male,1
Ajibe,1,male,1
Akale,1,male,1
Akelom,1,male,1
Alamrew,1,male,1
Alaro,1,male,1
Alazar,1,male,1
Aleayehu,1,male,1
Alebachew,1,male,1
Alemishet,1,male,1
Alene,1,male,1
Alimerah,1,male,1
Amato,1,male,1
Ambaw,1,male,1
Ambaye,1,male,1
Amdemichael,1,male,1
Amede,1,male,1
Amedemariam,1,male,1
Amena,1,male,1
Amenay,1,male,1
Amenti,1,male,1
Amerga,1,male,1
Aminu,1,male,1
Amsalu,1,male,1
Anbesu,1,male,1
Andargie,1,male,1
Andenet,1,male,1
Andiye,1,male,1
Andualem,1,male,1
Angore,1,male,1
Anibereber,1,male,1
Anis,1,male,1
Anjelo,1,male,1
Anwar,1,male,1
Aoem,1,male,1
Aomasu,1,male,1
Arage,1,male,1
Areaya,1,male,1
Areda,1,male,1
Aredo,1,male,1
Aregay,1,male,1
Artisso,1,male,1
Asamnew,1,male,1
Aschalew,1,male,1
Asebe,1,male,1
Asegid,1,male,1
Asegio,1,male,1
Asemahegn,1,male,1
Asemrie,1,male,1
Asen,1,male,1
Asfeah,1,male,1
Ashagire,1,male,1
Ashagre,1,male,1
Ashagrie,1,male,1
Asifaw,1,male,1
Askalemariam,1,male,1
Asmamaw,1,male,1
Asmelash,1,male,1
Asnak,1,male,1
Asnake,1,male,1
Asnakew,1,male,1
Assefaw,1,male,1
Astatekie,1,male,1
Atakilti,1,male,1
Atnafe,1,male,1
Atomisa,1,male,1
Atomsa,1,male,1
Atomssa,1,male,1
Atsbeha,1,male,1
Atsbiha,1,male,1
Au,1,male,1
Auwerew,1,male,1
Awasne,1,male,1
Aweke,1,male,1
Awoke,1,male,1
Awot,1,male,1
Awraris,1,male,1
Ayal,1,male,1
Ayalneh,1,male,1
Ayane,1,male,1
Aychiluhim,1,male,1
Aydagn,1,male,1
Ayetenew,1,male,1
Ayle,1,male,1
Azale,1,male,1
Azezew,1,male,1
Azmach,1,male,1
Bacha,1,male,1
Badeg,1,male,1
Bahirtas,1,male,1
Bahita,1,male,1
Bahre,1,male,1
Bahta,1,male,1
Bakarani,1,male,1
Balta,1,male,1
Bamlaku,1,male,1
Banteyirgu,1,male,1
Baraki,1,male,1
Barnabas,1,male,1
Bashaw,1,male,1
Bayisa,1,male,1
Bayissa,1,male,1
Bayitu,1,male,1
Baykegmagne,1,male,1
Bayleyegn,1,male,1
Baysase,1,male,1
Beedemariam,1,male,1
Behailu,1,male,1
Bekabil,1,male,1
Beker,1,male,1
Bekere,1,male,1
Belet,1,male,1
Belew,1,male,1
Belihu,1,male,1
Bemnet,1,male,1
Beneberu,1,male,1
Beori,1,male,1
Berahi,1,male,1
Berassa,1,male,1
Berea,1,male,1
Bereda,1,male,1
Berehe,1,male,1
Bereka,1,male,1
Berhan,1,male,1
Berta,1,male,1
Besha,1,male,1
Beshah,1,male,1
Besufekad,1,male,1
Beyan,1,male,1
Bezakulu,1,male,1
Bezu,1,male,1
Bihonegn,1,male,1
Bikila,1,male,1
Bilisuma,1,male,1
Biratu,1,male,1
Birehane,1,male,1
Birhanie,1,male,1
Birru,1,male,1
Biruck,1,male,1
Bisetegn,1,male,1
Bitew,1,male,1
Biyazne,1,male,1
Biza,1,male,1
Bizuneh,1,male,1
Bokie,1,male,1
Borena,1,male,1
Burka,1,male,1
Buseiri,1,male,1
Busen,1,male,1
Busha,1,male,1
Chaka,1,male,1
Challa,1,male,1
Chamissa,1,male,1
Chanyalew,1,male,1
Chemeda,1,male,1
Chere,1,male,1
Cherkos,1,male,1
Cheru,1,male,1
Chewaka,1,male,1
Chiro,1,male,1
Chjbssa,1,male,1
Chmdessa,1,male,1
Daba,1,male,1
Dadi,1,male,1
Dagmawi,1,male,1
Dahlak,1,male,1
Damisse,1,male,1
Daniso,1,male,1
De)en,1,male,1
Debalke,1,male,1
Debele,1,male,1
Debelie,1,male,1
Debesay,1,male,1
Deboch,1,male,1
Debru,1,male,1
Demasu,1,male,1
Demena,1,male,1
Demere,1,male,1
Demesew,1,male,1
Demessie,1,male,1
Demisachew,1,male,1
Demissie,1,male,1
Demmelash,1,male,1
Denba,1,male,1
Deneke,1,male,1
Denku,1,male,1
Dera,1,male,1
Derara,1,male,1
Derbie,1,male,1
Dersema,1,male,1
Desalegne,1,male,1
Dessie,1,male,1
Digafe,1,male,1
Dimese,1,male,1
Dimetros,1,male,1
Dimitse,1,male,1
Direba,1,male,1
Diress,1,male,1
Diressie,1,male,1
Dolla,1,male,1
Dukesa,1,male,1
Dusi,1,male,1
Ebey,1,male,1
Edao,1,male,1
Edile,1,male,1
Edris,1,male,1
Ekubay,1,male,1
Emagnu,1,male,1
Emeaelaf,1,male,1
Emiru,1,male,1
Emishaw,1,male,1
Enanu,1,male,1
Endalekachew,1,male,1
Endalkachew,1,male,1
Endashaw,1,male,1
Endebilhatu,1,male,1
Endewaga,1,male,1
Endires,1,male,1
Endris,1,male,1
Engedasew,1,male,1
Engidawerk,1,male,1
Engidawork,1,male,1
Engidu,1,male,1
Engioa,1,male,1
Eniyew,1,male,1
Epherem,1,male,1
Erekie,1,male,1
Ereta,1,male,1
Erge,1,male,1
Ermeyas,1,male,1
Ermiyas,1,male,1
Erorga,1,male,1
Erpasa,1,male,1
Esayas,1,male,1
Eshake,1,male,1
Eshite,1,male,1
Eskender,1,male,1
Eskindir,1,male,1
Esrael,1,male,1
Eticha,1,male,1
Etsey,1,male,1
Ewnetu,1,male,1
Ezekiel,1,male,1
Fanta,1,male,1
Fataw,1,male,1
Fedlu,1,male,1
Feitta,1,male,1
Fekadeselassie,1,male,1
Fekadu,1,male,1
Fentahun,1,male,1
Fentaye,1,male,1
Fera,1,male,1
Fesseha,1,male,1
Fetewi,1,male,1
Fetile,1,male,1
Fewzan,1,male,1
Fikadeslassie,1,male,1
Fikaou,1,male,1
Fikru,1,male,1
Filimon,1,male,1
Filjmon,1,male,1
Firew,1,male,1
Fisehatsion,1,male,1
Fisseha,1,male,1
Fita,1,male,1
Fitiwi,1,male,1
Fitwi,1,male,1
Fraol,1,male,1
Fresenbet,1,male,1
Fufa,1,male,1
Gafesu,1,male,1
Gamo,1,male,1
Garomisa,1,male,1
Gashawbeza,1,male,1
Gebereyohanes,1,male,1
Gebeyew,1,male,1
Gebiremariam,1,male,1
Gebiru,1,male,1
Gebisa,1,male,1
Gebrecherkos,1,male,1
Gebreegzabiher,1,male,1
Gebreegzi,1,male,1
Gebreegziabhaier,1,male,1
Gebreegzihabher,1,male,1
Gebreeyesus,1,male,1
Gebreezgi,1,male,1
Gebreezigi,1,male,1
Gebrehanna,1,male,1
Gebrei-ier,1,male,1
Gebrekiros,1,male,1
Gebrekirstos,1,male,1
Gebremedehin,1,male,1
Gebremeohin,1,male,1
Gebremicahel,1,male,1
Gebremickael,1,male,1
Gebresilasie,1,male,1
Gebresilassei,1,male,1
Gebresillase,1,male,1
Gebretekle,1,male,1
Gebretensae,1,male,1
Gebretensay,1,male,1
Gebretinsae,1,male,1
Gebretinsay,1,male,1
Gebretinsaye,1,male,1
Gebretsaoik,1,male,1
Gebretsdik,1,male,1
Gebretsion,1,male,1
Gebreyohannis,1,male,1
Gebrie,1,male,1
Gebrmariam,1,male,1
Gedamu,1,male,1
Gedion,1,male,1
Gediwon,1,male,1
Gedle,1,male,1
Gedlu,1,male,1
Geftaga,1,male,1
Gelaye,1,male,1
Gelete,1,male,1
Geletu,1,male,1
Gemechu,1,male,1
Genemo,1,male,1
Gensa,1,male,1
Gerensea,1,male,1
Gesese,1,male,1
Gesesew,1,male,1
Gessese,1,male,1
Getenet,1,male,1
Getinet,1,male,1
Getnet,1,male,1
Gezaehgn,1,male,1
Gezahegne,1,male,1
Gidena,1,male,1
Gidisa,1,male,1
Gidore,1,male,1
Gifaw,1,male,1
Giher,1,male,1
Gindaba,1,male,1
Girmaye,1,male,1
Giyorgis,1,male,1
Gmeskel,1,male,1
Godu,1,male,1
Goitom,1,male,1
Gosera,1,male,1
Gossaye,1,male,1
Guade,1,male,1
Gubena,1,male,1
Gudeta,1,male,1
Gugessa,1,male,1
Gugsa,1,male,1
Gulech,1,male,1
Gulla,1,male,1
Guoiso,1,male,1
Gurara,1,male,1
Gurumu,1,male,1
Gutemma,1,male,1
H.silase,1,male,1
Habib,1,male,1
Habte,1,male,1
Habtemariam,1,male,1
Habtemichael,1,male,1
Habtezgi,1,male,1
Hailegebreal,1,male,1
Hailegebreiel,1,male,1
Hailegebriel,1,male,1
Hailegiorgis,1,male,1
Hailegirogis,1,male,1
Hailelemeskel,1,male,1
Hailemaskle,1,male,1
Hailemeskel,1,male,1
Hailemicheal,1,male,1
Hailesilssaie,1,male,1
Hailesiussie,1,male,1
Haileweld,1,male,1
Haileyesus,1,male,1
Hailiu,1,male,1
Hajiso,1,male,1
Hakin,1,male,1
Hamid,1,male,1
Haoigu,1,male,1
Haoush,1,male,1
Hare,1,male,1
Haregewoyin,1,male,1
Haso,1,male,1
Haste,1,male,1
Hayile,1,male,1
Hayleabe,1,male,1
Heiru,1,male,1
Heluf,1,male,1
Henock,1,male,1
Hiruy,1,male,1
Hitsanu,1,male,1
Hizkiel,1,male,1
Hunegnaw,1,male,1
Hurssa,1,male,1
Hussein,1,male,1
Hussien,1,male,1
Ibrhem,1,male,1
Imam,1,male,1
Jaleta,1,male,1
Jara,1,male,1
Jego,1,male,1
Jemale,1,male,1
Jewehar,1,male,1
Jijo,1,male,1
Jimma,1,male,1
Jonathan,1,male,1
Kaba,1,male,1
Kabtyimer,1,male,1
Kalab,1,male,1
Kalayu,1,male,1
Kaleb,1,male,1
Kaltebo,1,male,1
Kasa,1,male,1
Kasahun,1,male,1
Kasim,1,male,1
Kassaou,1,male,1
Kassu,1,male,1
Katchaourian,1,male,1
Kebir,1,male,1
Kefeni,1,male,1
Kejela,1,male,1
Keleta,1,male,1
Kelkil,1,male,1
Kenea,1,male,1
Keneni,1,male,1
Kerie,1,male,1
Kerse,1,male,1
Kesesa,1,male,1
Kesete,1,male,1
Ketema,1,male,1
Keto,1,male,1
Keyoum,1,male,1
Kibatu,1,male,1
Kibeb,1,male,1
Kibebew,1,male,1
Kidanemariyam,1,male,1
Kidanu,1,male,1
Kidius,1,male,1
Kidus,1,male,1
Kifetew,1,male,1
Kiflie,1,male,1
Kiflu,1,male,1
Kihishen,1,male,1
Kinde,1,male,1
Kindu,1,male,1
Kinfe,1,male,1
Kinfu,1,male,1
Kioanu,1,male,1
Kious,1,male,1
Kiros,1,male,1
Kitila,1,male,1
Korme,1,male,1
Kumbi,1,male,1
Kumera,1,male,1
Lakachew,1,male,1
Layne,1,male,1
Lebeza,1,male,1
Legese,1,male,1
Lemelem,1,male,1
Leoul,1,male,1
Leuel,1,male,1
Leul,1,male,1
Leuleselassie,1,male,1
Leulseged,1,male,1
Lewfie,1,male,1
Limenih,1,male,1
Lisanu,1,male,1
Loji,1,male,1
Luelseged,1,male,1
Lukas,1,male,1
Maeregu,1,male,1
Mafegna,1,male,1
Mahemude,1,male,1
Mako,1,male,1
Male,1,male,1
Malicha,1,male,1
Malore,1,male,1
Mamas,1,male,1
Mamuye,1,male,1
Manji,1,male,1
Manuhe,1,male,1
Marchip,1,male,1
Mariyo,1,male,1
Maru,1,male,1
Maruta,1,male,1
Marye,1,male,1
Masresha,1,male,1
Mebirati,1,male,1
Mebrahitu,1,male,1
Mebrehatij,1,male,1
Mecha,1,male,1
Mehamed,1,male,1
Mehammeo,1,male,1
Mehretu,1,male,1
Meja,1,male,1
Mekasha,1,male,1
Mekbib,1,male,1
Mekebo,1,male,1
Mekonen,1,male,1
Mekonin,1,male,1
Mekonnin,1,male,1
Mekuriya,1,male,1
Melesse,1,male,1
Melkie,1,male,1
Mena,1,male,1
Menameno,1,male,1
Mengiste,1,male,1
Mengjstu,1,male,1
Menilik,1,male,1
Menkefu,1,male,1
Menur,1,male,1
Merdokiyos,1,male,1
Meressa,1,male,1
Mergo,1,male,1
Merra,1,male,1
Mersha,1,male,1
Mersia,1,male,1
Mesele,1,male,1
Meshasha,1,male,1
Messay,1,male,1
Mesuud,1,male,1
Meta,1,male,1
Metaferia,1,male,1
Mewa,1,male,1
Mewulid,1,male,1
Mezgebe,1,male,1
Mezgebu,1,male,1
Mihiret,1,male,1
Mihrate,1,male,1
Mihretij,1,male,1
Mihretu,1,male,1
Mikewa,1,male,1
Mikiyas,1,male,1
Milion,1,male,1
Minalu,1,male,1
Minaye,1,male,1
Miraf,1,male,1
Misgana,1,male,1
Misham,1,male,1
Misker,1,male,1
Mismar,1,male,1
Misrak,1,male,1
Mogesse,1,male,1
Mohamed,1,male,1
Mohamedhagos,1,male,1
Mohammud,1,male,1
Mohamud,1,male,1
Molalegn,1,male,1
Mudesir,1,male,1
Muhammed,1,male,1
Muhiye,1,male,1
Muiaw,1,male,1
Muktar,1,male,1
Mulatu,1,male,1
Mulie,1,male,1
Mulualem,1,male,1
Muluberhan,1,male,1
Muluneh,1,male,1
Mulushowa,1,male,1
Muluwerk,1,male,1
Mumicha,1,male,1
Mustefa,1,male,1
Nadew,1,male,1
Nahom,1,male,1
Nakachew,1,male,1
Name,1,male,1
Nardos,1,male,1
Nasir,1,male,1
Natnael,1,male,1
Nebil,1,male,1
Nebiyat,1,male,1
Negewo,1,male,1
Negiya,1,male,1
Nemera,1,male,1
Nerihe,1,male,1
Nerisho,1,male,1
Nesibu,1,male,1
Nesiru,1,male,1
Niguma,1,male,1
Nigusse,1,male,1
Nirea,1,male,1
Nuel,1,male,1
Nuh,1,male,1
Nurhusen,1,male,1
Oagnaw,1,male,1
Oege,1,male,1
Oesse,1,male,1
Oinberu,1,male,1
Ojige,1,male,1
Omer,1,male,1
Orecho,1,male,1
Oso,1,male,1
Oubale,1,male,1
Oumer,1,male,1
Oz,1,male,1
Rase,1,male,1
Redae,1,male,1
Redi,1,male,1
Roba,1,male,1
Robele,1,male,1
Robson,1,male,1
Rusom,1,male,1
Sahlemariam,1,male,1
Saia,1,male,1
Salih,1,male,1
Salman,1,male,1
Samuael,1,male,1
Samueal,1,male,1
Santi,1,male,1
Sape,1,male,1
Sarkis,1,male,1
Sauh,1,male,1
Sebayn,1,male,1
Segu,1,male,1
Seife,1,male,1
Selemon,1,male,1
Selomon,1,male,1
Senay,1,male,1
Senbe,1,male,1
Sentayehu,1,male,1
Senti,1,male,1
Serkaddis,1,male,1
Sertse,1,male,1
Sesani,1,male,1
Setargachew,1,male,1
Sewinet,1,male,1
Seye,1,male,1
Seyfedin,1,male,1
Seyfu,1,male,1
Seyifu,1,male,1
Shambel,1,male,1
Sharew,1,male,1
Shekmohamed,1,male,1
Shemsu,1,male,1
Sherefedin,1,male,1
Shewameskot,1,male,1
Shewandagn,1,male,1
Shewarega,1,male,1
Shewazemed,1,male,1
Shibabaw,1,male,1
Shibrie,1,male,1
Shigere,1,male,1
Shimekit,1,male,1
Shumete,1,male,1
Shuru,1,male,1
Sibehat,1,male,1
Sibihatu,1,male,1
Sinke,1,male,1
Sirgaga,1,male,1
Sitotaw,1,male,1
Siyum,1,male,1
Sultan,1,male,1
Surur,1,male,1
T.haimanot,1,male,1
Tademe,1,male,1
Tafa,1,male,1
Tafete,1,male,1
Talegeta,1,male,1
Tamere,1,male,1
Tamire,1,male,1
Tamiru,1,male,1
Taoege,1,male,1
Tarekegn,1,male,1
Teferegn,1,male,1
Tegene,1,male,1
Tegenu,1,male,1
Teka,1,male,1
Tekalign,1,male,1
Tekaw,1,male,1
Teketel,1,male,1
Tekile,1,male,1
Tekilegiorigis,1,male,1
Tekilewold,1,male,1
Tekilu,1,male,1
Teklegiorgis,1,male,1
Teklehaimanot,1,male,1
Teklehaymanot,1,male,1
Teklemeohin,1,male,1
Tekletsion,1,male,1
Tekola,1,male,1
Tekue,1,male,1
Telly,1,male,1
Tema,1,male,1
Temamo,1,male,1
Temeche,1,male,1
Temotios,1,male,1
Temsegen,1,male,1
Tenkir,1,male,1
Tenkolu,1,male,1
Tensaew,1,male,1
Teola,1,male,1
Teramed,1,male,1
Tesfahiwot,1,male,1
Tesfaw,1,male,1
Teshom,1,male,1
Tetemke,1,male,1
Tewlde,1,male,1
Tewolde,1,male,1
Tewooros,1,male,1
Teyib,1,male,1
Tibebe,1,male,1
Tigi,1,male,1
Tiiahun,1,male,1
Tijlu,1,male,1
Tikui,1,male,1
Timo,1,male,1
Tinsae,1,male,1
Tirusew,1,male,1
Tium,1,male,1
Tizazu,1,male,1
Tolosa,1,male,1
Tomas,1,male,1
Tsegaidem,1,male,1
Tsegaw,1,male,1
Tsfaye,1,male,1
Tshaye,1,male,1
Tucho,1,male,1
Tufa,1,male,1
Tumoro,1,male,1
Turi,1,male,1
Tuta,1,male,1
Uma,1,male,1
Urega,1,male,1
Usan,1,male,1
Utalo,1,male,1
Virga,1,male,1
W.gebriel,1,male,1
Wami,1,male,1
Wargo,1,male,1
Wasihun,1,male,1
Wedajo,1,male,1
Wegase,1,male,1
Wegayehu,1,male,1
Weldeamanuel,1,male,1
Weldearegay,1,male,1
Weldeghiorgis,1,male,1
Weldesenbet,1,male,1
Wendaga,1,male,1
Wendemu,1,male,1
Wereta,1,male,1
Werkeneh,1,male,1
Werkneh,1,male,1
Werku,1,male,1
Werotaw,1,male,1
Weyesa,1,male,1
Wibishet,1,male,1
Wogayehu,1,male,1
Woifen,1,male,1
Wolay,1,male,1
Wolday,1,male,1
Woldeamanuiel,1,male,1
Woldearegay,1,male,1
Woldegebreal,1,male,1
Woldegebrieal,1,male,1
Woldegerima,1,male,1
Woldehana,1,male,1
Woldemariyam,1,male,1
Woldemedihin,1,male,1
Woldemichaiel,1,male,1
Wolderufael,1,male,1
Woldesamuel,1,male,1
Woldeselama,1,male,1
Woldeselase,1,male,1
Woldesemayat,1,male,1
Woldesilasie,1,male,1
Woldesilasse,1,male,1
Woldesilassie,1,male,1
Woldetesfay,1,male,1
Woldetsadik,1,male,1
Woldetsaoik,1,male,1
Wolou,1,male,1
Wonda,1,male,1
Wondim,1,male,1
Wondosn,1,male,1
Wondwesen,1,male,1
Wondyifraw,1,male,1
Wooajo,1,male,1
Wooessa,1,male,1
Woreku,1,male,1
Wosene,1,male,1
Woyema,1,male,1
Wubeshet,1,male,1
Wubishet,1,male,1
Wubneh,1,male,1
Wudmatas,1,male,1
Wudneh,1,male,1
Wuhib,1,male,1
Wujira,1,male,1
Wulou,1,male,1
Yadeta,1,male,1
Yahya,1,male,1
Yaikob,1,male,1
Yared,1,male,1
Yareo,1,male,1
Yasin,1,male,1
Yassin,1,male,1
Yayehyirad,1,male,1
Yeabsira,1,male,1
Yeayineshet,1,male,1
Yedenekachew,1,male,1
Yeebiye,1,male,1
Yegletu,1,male,1
Yehaia,1,male,1
Yemanbirhan,1,male,1
Yemata,1,male,1
Yemeru,1,male,1
Yeselfeko,1,male,1
Yeshitila,1,male,1
Yibire,1,male,1
Yifru,1,male,1
Yigezu,1,male,1
Yihdegu,1,male,1
Yihenew,1,male,1
Yihidago,1,male,1
Yikunuamlak,1,male,1
Yimen,1,male,1
Yimeru,1,male,1
Yirga,1,male,1
Yirgu,1,male,1
Yisak,1,male,1
Yitagesu,1,male,1
Yitayew,1,male,1
Yizengawu,1,male,1
Yoftahe,1,male,1
Yohaleshet,1,male,1
Yonadab,1,male,1
Yonnas,1,male,1
Zebene,1,male,1
Zehir,1,male,1
Zekarias,1,male,1
Zekariya,1,male,1
Zekariyas,1,male,1
Zelelew,1,male,1
Zemelekot,1,male,1
Zemenefes,1,male,1
Zereay,1,male,1
Zerfu,1,male,1
Zerihun,1,male,1
Zeryhun,1,male,1
Zewdu,1,male,1
Zewold,1,male,1
Zewolde,1,male,1
Zewudie,1,male,1
Zewudu,1,male,1
Zinab,1,male,1
Zurga,1,male,1
