Aaliyah,Alaiyah
Abigail,Abbey
Abigail,Abbie
Abigail,Abby
Abigail,Abii
Adelaide,Addie
Adelaide,Addy
Adelaide,Adel
Adelaide,Adela
Adelaide,Adele
Adelaide,Adeline
Adelaide,Adelle
Adriana,Adrienne
Agnes,Aggie
Aileen,Eileen
Aileen,Ileen
Aikaterina,Akaterina
Aimee,Aime
Ainsley,Ainsly
Alana,Allana
Alana,Alanna
Alana,Allanah
Alana,Alannah
Aleesha,Aleisha
Aleesha,Alessia
Aleesha,Alysha
Aleesha,Alyssa
Alexis,Alexys
Alexandra,Alexa
Alexandra,Alexia
Alexandra,Alexanda
Alexandra,Alexanderia
Alexandra,Alexandria
Alexandra,Sandie
Alexandra,Sandra
Alexandra,Sandy
Alexandra,Alessandra
Alexandra,Alessandria
Alexandra,Lexie
Alice,Alia
Alice,Alicia
Alisa,Alisha
Alisa,Alissa
Alisa,Alison
Alisa,Allie
Alisa,Allison
Alisa,Aliza
Amalia,Amalie
Amalia,Amelie
Amalia,Amelia
Anastasia,Stacia
Amanda,Amy
Amanda,Mandy
Andrea,Andie
Aneka,Anika
Angela,Angel
Angela,Angelo
Angela,Angie
Angela,Angelica
Angela,Angelina
Anita,Agneta
Anita,Neta
Anita,Netta
Anita,Nita
Anna,Anette
Anna,Ann
Anna,Anne
Anna,Annette
Anna,Annie
Anna,Anny
Annabella,Annabel
Annabella,Annabelle
Annalise,Anneliese
Arki,Arky
Ashley,Ashleigh
Ashley,Ashlee
Ashley,Ashlie
Audrey,Audie
Ayla,Aila
Bailey,Bailee
Barbara,Bab
Barbara,Babb
Barbara,Babs
Barbara,Barb
Barbara,Barbe
Barbara,Barbie
Barbara,Barbra
Beatrice,Bea
Beatrice,Bee
Beatrice,Trixie
Beatrice,Trixy
Belinda,Linda
Belinda,Lindy
Belinda,Lydie
Belinda,Lynda
Beverly,Bev
Beverly,Beverley
Bonita,Bonnie
Bonita,Bonny
Breana,Breeanne
Breana,Brianna
Breony,Briony
Bridget,Biddy
Bridget,Brigette
Brigitte,Brigitta
Brigitte,Birgit
Brigitte,Birgitte
Brigitte,Birgitta
Bronwyn,Bronvyn
Bronwyn,Bronwin
Campbell,Cambell
Camille,Camilla
Carina,Cara
Carina,Kara
Carina,Karen
Carina,Karin
Carina,Karina
Carla,Carly
Carla,Karla
Carla,Karly
Carmen,Karmen
Casey,Kaysey
Casey,Kasey
Carmel,Carmela
Carol,Carel
Carol,Carole
Carol,Carolina
Carol,Caroline
Carol,Carollyn
Carol,Carolyn
Carol,Carrie
Carol,Caryl
Carol,Karol
Carol,Ocarroll
Cassandra,Cassie
Cassandra,Cassidy
Catherine,Caitlin
Catherine,Caitlyn
Catherine,Caterina
Catherine,Cath
Catherine,Cathie
Catherine,Cathline
Catherine,Cathy
Catherine,Catriona
Catherine,Kate
Catherine,Kath
Catherine,Katherine
Catherine,Kathleen
Catherine,Kathlyn
Catherine,Kathrine
Catherine,Kathryn
Catherine,Kathy
Catherine,Katie
Catherine,Katrina
Catherine,Katy
Catherine,Kay
Catherine,Kaye
Catherine,Kit
Catherine,Kitty
Catherine,Katharine
Catherine,Katelin
Catherine,Katelyn
Cecilia,Cecelia
Cecilia,Celia
Cecilia,Cissie
Cecilia,Sissie
Chantelle,Chantel
Chantelle,Shantal
Charlee,Charli
Charlize,Charlise
Charlotte,Carlotta
Charlotte,Lottie
Charlotte,Lotty
Chelsea,Chelsie
Chevonne,Cheyonne
Christine,Christina
Christine,Cristina
Christine,Kirsten
Christine,Kristeen
Christine,Kristin
Christine,Kristen
Christine,Krystin
Christine,Kristina
Christine,Kristine
Christine,Tina
Christine,Tine
Claire,Clare
Claire,Chiara
Claire,Clair
Claire,Clara
Claire,Clarinda
Claudia,Claudine
Colleen,Callie
Colleen,Collie
Constance,Connie
Constance,Constanza
Constantine,Con
Constantine,Constantin
Constantine,Konstantin
Constantine,Konstantine
Constantine,Konstantyn
Cora,Corie
Cora,Corrie
Coralie,Coral
Courtney,Courtny
Crystal,Cristal
Danielle,Daniella
Danika,Danica
Darcie,Darcy
Dayna,Daina
Deborah,Deb
Deborah,Debbie
Deborah,Debby
Deborah,Debra
Della,Dela
Demie,Debie
Denise,Denice
Denise,Denyse
Desire,Desi
Desire,Desiree
Destynii,Destiny
Diane,Deana
Diane,Deanna
Diane,Dee
Diane,Diana
Diane,Dianna
Diane,Dianne
Dolores,Delores
Dolores,Lola
Dolores,Lolita
Domenique,Dominic
Dorothy,Doll
Dorothy,Dollie
Dorothy,Dolly
Dorothy,Dora
Dorothy,Doreen
Dorothy,Dorie
Dorothy,Doris
Dorothy,Dorotea
Dorothy,Dorothea
Dorothy,Dorthie
Dorothy,Dot
Dorothy,Dottie
Dorothy,Dotty
Eartha,Herta
Eartha,Hertha
Ebonie,Eboni
Ebonie,Ebony
Eleanor,Elaine
Eleanor,Eleanora
Eleanor,Eleanore
Eleanor,Leanora
Eleanor,Lenore
Eleanor,Leonora
Eleanor,Nora
Eleanor,Norah
Eleanor,Elana
Eleanor,Eleni
Elizabeth,Babette
Elizabeth,Bess
Elizabeth,Bessie
Elizabeth,Bessy
Elizabeth,Bet
Elizabeth,Beth
Elizabeth,Betsey
Elizabeth,Betsy
Elizabeth,Bett
Elizabeth,Bette
Elizabeth,Bettie
Elizabeth,Bettina
Elizabeth,Betty
Elizabeth,Bettye
Elizabeth,Elisa
Elizabeth,Elisabeth
Elizabeth,Elisabetta
Elizabeth,Elise
Elizabeth,Elissa
Elizabeth,Eliz
Elizabeth,Eliza
Elizabeth,Elize
Elizabeth,Elspeth
Elizabeth,Libby
Elizabeth,Lisa
Elizabeth,Lisbeth
Elizabeth,Lisette
Elizabeth,Lissa
Elizabeth,Liz
Elizabeth,Liza
Elizabeth,Lizabeth
Elizabeth,Lizbeth
Elizabeth,Lizzie
Elizabeth,Lizzy
Elizabeth,Lyssa
Elizabeth,Elisha
Elizabeth,Bethanie
Elizabeth,Bethany
Ellouise,Eloise
Ellouise,Elysse
Elsa,Ella
Elsa,Elle
Elsa,Ellen
Elsa,Ellie
Elsa,Elsie
Elsa,Elzie
Elsa,Elli
Elsa,Elly
Elsa,Nell
Elsa,Nellie
Emerson,Emmerson
Emily,Em
Emily,Ema
Emily,Emelie
Emily,Emeline
Emily,Emilia
Emily,Emilie
Emily,Emma
Emily,Emmeline
Emily,Emmie
Emily,Emiily
Erica,Erika
Erma,Irma
Esmerelda,Esme
Estelle,Stella
Esther,Essie
Esther,Ester
Esther,Etta
Esther,Ettie
Esther,Etty
Eugene,Eugen
Eugene,Eugenia
Eugene,Eugenie
Eugene,Eugeniusz
Eugene,Eugenusz
Eugene,Gene
Eunice,Eunie
Euphemia,Effie
Euphemia,Effy
Euphemia,Eufemia
Eustacia,Stacey
Eustacia,Stacie
Evelyn,Eva
Evelyn,Eve
Evelyn,Eveline
Evelyn,Evie
Evelyn,Evangelia
Faith,Fay
Faith,Faye
Felicity,Felicia
Florence,Fiorenza
Florence,Florrie
Florence,Flossie
France,Ffrance
Francis,Fannie
Francis,Fanny
Francis,Fran
Francis,Frances
Francis,Francesca
Francis,Francie
Francis,Francine
Francis,Francy
Francis,Frannie
Frederica,Fredericca
Fyynlay,Fynlay
Gabriella,Gabrielle
Georgia,Georgina
Georgia,Georgie
Gail,Gayle
Gertrude,Gert
Gertrude,Gertie
Gertrude,Trudie
Gertrude,Trudy
Gillian,Jillian
Gillian,Jilian
Gillian,Gilian
Gillian,Jill
Giorgia,Jorja
Gladys,Glad
Gladys,Gwladys
Glenice,Glen
Glenice,Glenis
Glenice,Glenn
Glenice,Glenyce
Glenice,Glenys
Golda,Goldie
Golda,Goldy
Grace,Gracie
Grace,Grais
Gwendolyn,Gwen
Gwendolyn,Gwenda
Gwendolyn,Gwendaline
Gwendolyn,Gwendoline
Gwendolyn,Gwendolyne
Gwendolyn,Gwendolynne
Gwenneth,Gweneth
Gwenneth,Gwenith
Gwenneth,Gwenyth
Gwenneth,Gwyn
Gwenneth,Gwyneth
Gytha,Githa
Hanna,Hana
Hanna,Hanah
Hanna,Hannah
Hayley,Haylee
Helena,Helen
Helena,Elena
Helena,Helene
Helena,Hellen
Henrietta,Harriet
Henrietta,Hattie
Henrietta,Hendrika
Henrietta,Henriette
Henrietta,Hettie
Henrietta,Hetty
Henrietta,Netty
Hilda,Hilde
Hilda,Hildegarde
Holly,Hollie
Ida,Ada
Ida,Aida
Indiana,India
Indiana,Indyana
Irene,Rena
Irene,Rene
Irene,Rennie
Isabel,Bel
Isabel,Bella
Isabel,Belle
Isabel,Isabella
Isabel,Isabelle
Isabel,Isobel
Isabel,Isobelle
Isabel,Ysobel
Jacinta,Jacynta
Jacqueline,Jackie
Jacqueline,Jacquline
Jaime,Jaimee
Jaime,Jamilla
Jana,Yana
Jasmin,Jasmine
Jasmin,Jasmyn
Jasmin,Yasmin
Jayde,Jade
Jazz,Jaz
Jemma,Gemma
Jane,Giovanna
Jane,Jan
Jane,Janelle
Jane,Janet
Jane,Janette
Jane,Janice
Jane,Janiece
Jane,Janine
Jane,Janis
Jane,Janne
Jane,Jannette
Jane,Jeanette
Jane,Jeanne
Jane,Juanita
Jennifer,Jen
Jennifer,Jenn
Jennifer,Jenna
Jennifer,Genevieve
Jennifer,Jenny
Jemima,Jayme
Jemima,Mimi
Jinni,Jnni
Jessica,Jess
Jessica,Jessie
Jessica,Jettie
Joanna,Joan
Joanna,Joanne
Joanna,Johan
Joanna,Johanne
Jordan,Jordyn
Joselyn,Jaslyn
Josephine,Giuseppa
Josephine,Josie
Joyce,Jo
Joyce,Jocelyn
Joyce,Joy
Judith,Jody
Judith,Judie
Judith,Judy
Julia,Giulia
Julia,Giulietta
Julia,Julie
Julia,Juliet
Julia,Julietta
Julia,July
Julia,Juliana
Julia,Giuliana
Kaitlin,Kaitlyn
Karissa,Carissa
Karla,Karlee
Karla,Karli
Kayla,Kyah
Kayla,Koula
Kayla,Keahley
Keeley,Keelin
Keeley,Keely
Kelly,Kelli
Kelly,Keli
Kelly,Kely
Kelly,Kaela
Kelly,Kailey
Kelly,Kalli
Kelly,Kallie
Kelsea,Kelsey
Kelsea,Kelsy
Kelsea,Kelsye
Kimberly,Kimberley
Kimberly,Kim
Kimberly,Kimbley
Kimberly,Kimm
Kira,Kiara
Kira,Kiera
Kira,Kiria
Kira,Kierra
Kira,Kirra
Kira,Kirrah
Kira,Kyra
Kira,Kyrra
Kira,Kyrah
Kira,Keira
Kylie,Kylee
Laura,Lara
Laura,Laurel
Laura,Lauren
Laura,Loren
Laura,Lorenza
Laura,Loretta
Lee,Lahey
Lee,Lea
Lee,Leah
Lee,Leigh
Leila,Leilia
Leila,Lela
Leila,Lila
Leila,Layla
Letitia,Leticia
Letitia,Letta
Letitia,Lettice
Letitia,Lettitia
Letitia,Letty
Letitia,Tish
Lillian,Lia
Lillian,Lil
Lillian,Lili
Lillian,Lilian
Lillian,Lillie
Lillian,Lilly
Lillian,Lily
Lillian,Lillianna
Lillian,Liana
Lindsey,Lindsay
Lindsey,Linsay
Lindsey,Linsey
Lindsey,Lynnsay
Lorraine,Loraine
Louise,Lois
Louise,Louisa
Louise,Luisa
Louise,Luise
Louise,Lulu
Lucia,Luzia
Lucy,Cindy
Lucy,Lucie
Lucy,Lucile
Lucy,Lucille
Lucy,Lucinda
Lynette,Linette
Lynette,Lyn
Lynette,Lynn
Lynette,Lynne
Mabel,Mable
Mabel,Maybelle
Macey,Macy
Mackenzie,Mackenzi
Maddison,Madison
Maddison,Madisen
Maddison,Maddisen
Madeline,Madalyn
Madeline,Madelaine
Madeline,Madeleine
Madeline,Madelina
Madeline,Magda
Madeline,Maud
Madeline,Madelyn
Makenzie,Makenzi
Marcella,Marcia
Marcella,Marcie
Marcella,Marsha
Margaret,Greta
Margaret,Gretal
Margaret,Madge
Margaret,Maggi
Margaret,Maggie
Margaret,Maisie
Margaret,Marg
Margaret,Margareta
Margaret,Margarita
Margaret,Marge
Margaret,Margery
Margaret,Margie
Margaret,Margo
Margaret,Margorie
Margaret,Margot
Margaret,Marguerita
Margaret,Marguerite
Margaret,Margurita
Margaret,Marj
Margaret,Marjorey
Margaret,Marjorie
Margaret,Marjory
Margaret,Meg
Margaret,Miriam
Margaret,Peg
Margaret,Peggie
Margaret,Peggy
Margaret,Reta
Margaret,Rita
Marian,Mariana
Marian,Marianna
Marian,Marianne
Marian,Marien
Marian,Marijan
Marian,Marion
Marian,Maryan
Marilyn,Marylon
Marilyn,Marylyn
Marilyn,Merrilyn
Marina,Marinna
Marleen,Marlee
Marleen,Marlene
Marleen,Marleigh
Marleen,Marley
Martha,Marta
Mary,Mame
Mary,Mamie
Mary,Maree
Mary,Maria
Mary,Marie
Mary,Marya
Mary,Moira
Mary,Moyra
Mary,Mhary
Mathilda,Matilda
Mathilda,Mathilde
Mathilda,Tillie
Mathilda,Tillis
Mathilda,Tilly
Maude,Madie
Maureen,Maurine
May,Mae
Maya,Maia
Meagan,Megan
Meagan,Meggie
Melinda,Mel
Melinda,Melanie
Melissa,Mellissa
Meredith,Merry
Merle,Merrill
Merle,Meryl
Mia,Mya
Mira,Myra
Michaela,Micaela
Michaela,Mikaela
Michaela,Mikayla
Michaela,Mikhaili
Michaela,Mikhayla
Michelle,Michele
Millie,Milli
Millie,Milly
Molly,Mollie
Molly,Moly
Molly,Moli
Monique,Monic
Montana,Montanna
Myrna,Merna
Myrna,Moina
Myrna,Morna
Myrna,Moyna
Nancy,Nan
Nancy,Nance
Nancy,Nancye
Nancy,Nanette
Natalie,Nat
Natalie,Natalia
Natalie,Natalee
Natalie,Nathalia
Natalie,Nathalie
Natasha,Nathasa
Natassia,Nathassia
Nicole,Nicola
Nicole,Nichola
Nicole,Nichole
Nicole,Nicky
Nicole,Nikki
Nicole,Nicoletta
Noeleen,Noelene
Noeleen,Noelle
Noeleen,Nola
Noreen,Norine
Olivia,Livia
Olivia,Livvie
Olivia,Olive
Olivia,Olivi
Olivia,Olly
Paige,Page
Pamela,Pam
Pascale,Pascal
Pascale,Pasquale
Patricia,Patsy
Patricia,Pattie
Patricia,Patty
Paula,Paola
Paula,Paolina
Paula,Pauline
Penelope,Penny
Pearl,Pearlie
Peta,Petra
Petra,Peta
Phillis,Phylliss
Phillis,Phyllys
Polly,Pollyanna
Priscilla,Cilla
Priscilla,Pris
Prudence,Prue
Rachael,Rachel
Rachael,Raquel
Rachael,Raquelle
Rachael,Rachele
Raelene,Wray
Raelene,Raylene
Rebecca,Becky
Rebecca,Rebekah
Regan,Reegan
Regan,Reganne
Renata,Renee
Renata,Renai
Rhonda,Rhona
Rhonda,Roma
Reilley,Rilly
Reilley,Reily
Reilley,Ryleh
Roberta,Bobbie
Robin,Robyn
Robin,Robyne
Robin,Robynne
Ronda,Rona
Rose,Rosa
Rose,Rosalie
Rose,Rosalind
Rose,Rosalinda
Rose,Rosalyn
Rose,Rosamond
Rose,Rosamund
Rose,Roseanna
Rose,Rosehannah
Rose,Roseline
Rose,Rosetta
Rose,Rosie
Rose,Rosina
Rose,Rositta
Rose,Rossetta
Rosemary,Rosemarie
Ruby,Rubie
Ruth,Ruthie
Saige,Sage
Sally,Salli
Samantha,Sam
Sarah,Saara
Sarah,Sara
Sarah,Sadie
Sarah,Zara
Sarah,Zarah
Sarah,Zarlia
Sascha,Sarsha
Sascha,Sasha
Savannah,Savanna
Shae,Shai
Shakira,Schkirra
Shakira,Shakirah
Shana,Sana
Shana,Shena
Shana,Shenae
Shana,Shona
Sharlene,Charlene
Sharon,Sharron
Sharon,Sherry
Shelby,Shelbey
Sheila,Sheilagh
Sheila,Shiela
Sheryl,Cheryl
Shirley,Shirlie
Sienna,Seanna
Simona,Simone
Skye,Sky
Sonja,Sonia
Sophie,Sofia
Sophie,Sofie
Sophie,Sophia
Stephanie,Stefanie
Susan,Su
Susan,Sue
Susan,Susanna
Susan,Suse
Susan,Susie
Susan,Suzanne
Susan,Suzie
Sybella,Sibilla
Sybella,Sybille
Sybella,Sybilla
Sybella,Sibille
Sylvia,Silvia
Sylvia,Sylvie
Taalia,Talia
Taalia,Taliah
Taalia,Talyah
Tahnee,Tahni
Tamara,Tammie
Tamara,Timara
Tara,Tarah
Tarnee,Tarne
Tayah,Taya
Taylor,Tayla
Taylor,Taylah
Taylor,Tylah
Taylor,Tyler
Tegan,Teagan
Tegan,Teegan
Tenille,Teneille
Theresa,Teresa
Theresa,Tess
Theresa,Tessa
Theresa,Therese
Theresa,Tracie
Theresa,Tracy
Tiahana,Tia
Tiahana,Tiahnee
Tiffany,Tiff
Tori,Tory
Trinity,Triniti
Valerie,Val
Valerie,Valeria
Valerie,Vallie
Vanessa,Nessi
Vianca,Biance
Victoria,Vicki
Victoria,Vickie
Victoria,Vicky
Victoria,Vittoria
Violet,Vi
Violet,Viola
Virginia,Ginny
Vivian,Viv
Vivian,Vivianne
Vivian,Vivien
Vivian,Vivienne
Wanda,Wendy
Wilhelmina,Mindy
Wilhelmina,Minnie
Wilhelmina,Vilma
Wilhelmina,Wilma
Aaron,Aron
Aaron,Arran
Aaron,Haroun
Abraham,Abe
Abraham,Abram
Abraham,Abramo
Abraham,Ibrahim
Adam,Adamo
Adam,Addam
Adam,Addamo
Adolph,Adolf
Adolph,Adolfo
Adrian,Adriano
Adrian,Adrien
Adrian,Hadrian
Aidan,Aiden
Aidan,Aidyn
Alan,Alano
Alan,Albie
Alan,Alen
Alan,Allan
Alan,Allen
Alastair,Alister
Alastair,Allister
Alastair,Alistair
Alastair,Allistair
Albert,Alberto
Albert,Bert
Albert,Bertie
Albert,Burt
Alexander,Alec
Alexander,Aleksandar
Alexander,Aleksander
Alexander,Aleksandr
Alexander,Alessandro
Alexander,Alexandre
Alexander,Alexandros
Alexander,Alexandrovich
Alexander,Alexi
Alexander,Alexnder
Alexander,Alick
Alexander,Lexi
Alexander,Zandra
Alfred,Alf
Alfred,Alfee
Alfred,Alfie
Alfred,Alfreda
Alfred,Alfredo
Alfred,Fred
Alfred,Fredo
Alfred,Freddo
Alphonso,Affie
Alvin,Alveen
Alvin,Alwine
Alvin,Alwyn
Andrew,Andre
Andrew,Andreas
Andrew,Andy
Andrew,Drew
Angus,Gus
Anthony,Anthon
Anthony,Anthoney
Anthony,Anthoni
Anthony,Anthonie
Anthony,Anthonious
Anthony,Anthonius
Anthony,Anthoy
Anthony,Antionus
Anthony,Anton
Anthony,Antone
Anthony,Antoni
Anthony,Antonio
Anthony,Antony
Anthony,Toni
Anthony,Tony
Archibald,Arch
Archibald,Archie
Archibald,Archiebald
Archibald,Archer
Arnold,Arney
Arnold,Arnie
Arren,Aron
Arren,Aren
Arthur,Art
Arthur,Artie
Arthur,Artur
Arthur,Arturo
Arthur,Athur
Arthur,Auther
Arthur,Autther
Augustine,Agosto
Augustine,Augie
Augustine,August
Augustine,Auguste
Augustine,Augustus
Augustine,Austen
Augustine,Austin
Aurelius,Aurelio
Axel,Aksel
Bailey,Bailley
Barnabas,Barnaby
Barnabas,Barnie
Barnabas,Barny
Barry,Barrie
Bartholomew,Bart
Bartholomew,Barth
Bartholomew,Bartie
Bartholomew,Bartolomeo
Basil,Basileus
Basil,Vassily
Barkly,Barkely
Bayley,Bailey
Benedict,Benedetto
Benedict,Benito
Benjamin,Ben
Benjamin,Benji
Benjamin,Benjy
Benjamin,Bennie
Bernard,Barnard
Bernard,Barney
Bernard,Benardus
Bernard,Berhardt
Bernard,Bernardo
Bernard,Bernhard
Bernard,Bernhardt
Bernard,Bernie
Bernard,Berny
Bernard,Birney
Bertram,Bertrand
Bjorn,Bourne
Blaize,Blaze
Blake,Blayke
Bradley,Brad
Brambley,Bramley
Braiden,Braedon
Braiden,Brayden
Braiden,Braydon
Braiden,Bryden
Braiden,Brydon
Brendan,Brandon
Brett,Bred
Brett,Bratt
Brian,Brien
Brian,Briant
Brian,Bryan
Brian,Bryant
Brodie,Brodee
Brodie,Brody
Brice,Bryce
Bruce,Bruse
Cain,Cayn
Calvin,Cal
Campbell,Cambell
Cecil,Cec
Cecil,Cece
Cedric,Cedrick
Cedric,Sedrick
Charles,Carl
Charles,Carle
Charles,Carlo
Charles,Carlos
Charles,Charley
Charles,Charlie
Charles,Chas
Charles,Chick
Charles,Chuck
Charles,Karl
Charles,Karlis
Chester,Ches
Chester,Chet
Christian,Christiaan
Christian,Kristian
Christian,Krystian
Christopher,Chris
Christopher,Cristoforo
Christopher,Kris
Christopher,Kristofer
Christopher,Kristophe
Clark,Clerk
Claude,Claud
Claude,Claudio
Clement,Clem
Clement,Clemence
Clement,Clements
Clifford,Clif
Clifford,Cliff
Clifford,Cliford
Colin,Collin
Connor,Conner
Conrad,Cort
Conrad,Konrad
Corey,Cory
Cornelius,Corneilious
Cornelius,Cornelious
Curtis,Curt
Curtis,Kurt
Curtis,Kurtis
Daniel,Dan
Daniel,Danial
Daniel,Dannie
Daniel,Danny
Daniel,Daniele
Daniel,Danjel
Darby,Derby
Darcie,Darcy
Darryl,Darlene
Darryl,Darrell
Darryl,Darryle
Darryl,Daryl
David,Dave
David,Davie
David,Davy
David,Taffy
Deakin,Deakyn
Dean,Daen
Declan,Declen
Dennis,Denis
Dennis,Denney
Dennis,Dennie
Dennis,Denny
Dennis,Denys
Dennis,Dion
Derrick,Derek
Derrick,Dirk
Dimitri,Dimitrios
Dimitri,Demetrios
Dimitri,Demetrius
Dimitri,Demitrios
Dimitri,Dimitr
Dimitri,Dimitry
Dominic,Dom
Donald,Don
Donald,Donnie
Donald,Donny
Douglas,Doug
Douglas,Douglass
Douglas,Dugald
Dylan,Dillon
Earl,Errol
Edward,Ed
Edward,Edd
Edward,Eddie
Edward,Eddy
Edward,Edgar
Edward,Edmond
Edward,Edmund
Edward,Eduardo
Edward,Edw
Edward,Edwards
Edward,Edwark
Edward,Edwin
Edward,Ned
Edward,Ted
Edward,Teddie
Edward,Teddy
Elbert,Elbie
Elijah,Eli
Elijah,Elias
Elijah,Ellis
Elijah,Ely
Emil,Emilio
Emmanuel,Emanuel
Emmanuel,Emanuele
Emmanuel,Emanuelle
Emmanuel,Mannie
Emmanuel,Manny
Elton,Elten
Erasmus,Ras
Eric,Erik
Ernest,Earnest
Ernest,Earnie
Ernest,Ern
Ernest,Ernie
Ernest,Ernst
Ernest,Erny
Erwin,Irwin
Evan,Evans
Evan,Ewan
Evan,Ewen
Evan,Owen
Everett,Ev
Fergus,Ferguss
Finlay,Finley
Fitzerald,Fitch
Fitzerald,Fitz
Florian,Floria
Florian,Flo
Flynn,Flinn
Francis,Fannie
Francis,Fanny
Francis,Fran
Francis,Frances
Francis,Francesco
Francis,Francie
Francis,Francisco
Francis,Francy
Francis,Frank
Francis,Franklin
Francis,Frans
Francis,Franz
Frederick,Federico
Frederick,Freddie
Frederick,Freddy
Frederick,Frederich
Frederick,Frederikus
Frederick,Fredrick
Frederick,Friedrich
Frederick,Frierich
Gabriel,Gabby
Gabriel,Gabe
Gabriel,Gabriele
Gabriel,Gabrile
Gabriel,Gae
Gabriel,Gai
Gabriel,Gale
Gabriel,Gay
Garth,Gart
Gary,Garrie
Gary,Garry
Geoffrey,Gefery
Geoffrey,Geff
Geoffrey,Geffrey
Geoffrey,Geof
Geoffrey,Geoferry
Geoffrey,Geoff
Geoffrey,Geoffery
Geoffrey,Geoffori
Geoffrey,Geoffory
Geoffrey,Geoffre
Geoffrey,Geoffry
Geoffrey,Geofrey
Geoffrey,Godfrey
Geoffrey,Jefery
Geoffrey,Jeff
Geoffrey,Jefferey
Geoffrey,Jefferie
Geoffrey,Jeffery
Geoffrey,Jefforey
Geoffrey,Jeffory
Geoffrey,Jeffre
Geoffrey,Jeffree
Geoffrey,Jeffrey
Geoffrey,Jeffreys
Geoffrey,Jeffries
Geoffrey,Jeffry
Geoffrey,Jeof
Geoffrey,Jeoffrey
George,Giorgio
George,Jeorje
George,Jorge
Gerard,Gerald
Gerard,Geraldine
Gerard,Geraud
Gerard,Gerry
Gerard,Giraldo
Gerard,Jerard
Gerard,Jerry
Gilbert,Gil
Gilbert,Gilberto
Gilbert,Gill
Gordon,Gordie
Gordon,Gordy
Graham,Graeme
Graham,Grahame
Gregory,Gredory
Gregory,Greg
Gregory,Gregery
Gregory,Gregg
Gregory,Greggory
Gregory,Gregor
Gregory,Gregorie
Gregory,Gregorio
Gregory,Gregorius
Gregory,Greigory
Griffin,Gryffin
Hayden,Haiden
Heinrich,Heindrich
Heinrich,Hendrick
Henry,Enrico
Henry,Hal
Henry,Hank
Henry,Harold
Henry,Harrie
Henry,Hari
Henry,Harry
Henry,Henrey
Herbert,Herb
Herbert,Herbie
Herbert,Herby
Herman,Herm
Howe,Howell
Hubert,Huey
Hubert,Hugh
Hubert,Hughey
Hubert,Hughie
Hubert,Hugo
Hubert,Uberto
Hubert,Ugo
Ian,Aian
Ian,Ean
Ian,Eoin
Ian,Eon
Ian,Iain
Igor,Igors
Iliya,Ilja
Isaac,Izaac
Isaac,Ike
Isaac,Isak
Ives,Yves
Jacob,Cob
Jacob,Giacobo
Jacob,Giacomo
Jacob,Iacovo
Jacob,Jacobe
Jacob,Jacobs
Jacob,Jake
Jacob,Jakob
Jacob,Jekabs
Jacob,Jacobie
Jacob,Jaykob
James,Giuseppi
James,Jamie
James,Jas
James,Jim
James,Jimmie
James,Jimmy
Jason,Jay
Jason,Jaxson
Jeremy,Geramy
Jeremy,Jerome
Jeremy,Jeremiah
John,Giovanni
John,Ivan
John,Jac
John,Jack
John,Jacques
John,Jaques
John,Johnni
John,Johnnie
John,Johnny
John,Jon
Jaden,Jayden
Jaiden,Jai
Jared,Jarod
Jared,Jarred
Jared,Jarrod
Jared,Jarryd
Jarvis,Jervis
Jed,Jett
Jesse,Jess
Jonathon,Jonah
Jonathon,Johnathan
Jonathon,Johnathon
Jonathon,Jonathan
Jonathon,Johnathon
Joseph,Fifi
Joseph,Giuseppe
Joseph,Joe
Joseph,Joey
Joseph,Joie
Joseph,Jos
Joseph,Josef
Joseph,Joszef
Joseph,Jozef
Joshua,Josh
Julian,Jule
Julian,Jules
Julian,Julio
Julian,Julius
Julian,Jullianne
Jurgen,Yeurgen
Jurgen,Yurgen
Kai,Ky
Kai,Kye
Kale,Kayle
Kane,Kayne
Kerry,Carey
Kerry,Cary
Kerry,Kerri
Kevin,Kevan
Kevin,Keven
Kevin,Kevern
Kieran,Kieren
Kobe,Cobe
Koben,Coben
Kody,Cody
Kristo,Christo
Lancelot,Lance
Lawrence,Lannie
Lawrence,Larry
Lawrence,Lars
Lawrence,Lary
Lawrence,Laurance
Lawrence,Laurence
Lawrence,Laurens
Lawrence,Laurenz
Lawrence,Laurie
Lawrence,Lawrie
Lawrence,Lawry
Lawrence,Lorence
Lawrence,Lorenz
Lawrence,Lorrie
Lawrence,Lourence
Lawrence,Lourens
Lazarus,Laz
Lee,Leigh
Leonard,Len
Leonard,Lenard
Leonard,Lenn
Leonard,Lennard
Leonard,Lennie
Leonard,Lenny
Leonard,Leo
Leonard,Leon
Leonard,Leonardo
Leonard,Leonhard
Leonard,Leone
Leroy,Roi
Leroy,Roy
Leslie,Les
Leslie,Leslee
Leslie,Leslei
Leslie,Lesleigh
Leslie,Lesley
Leslie,Lesly
Lester,Leicester
Lester,Leister
Lewis,Aloysius
Lewis,Lew
Lewis,Lodovico
Lewis,Lou
Lewis,Loui
Lewis,Louis
Lewis,Ludwig
Lewis,Luigi
Lewis,Levi
Lucas,Lic
Lucas,Luca
Lucas,Luka
Lucas,Lukas
Lucas,Luke
Lucas,Luc
Lucas,Lucian
Lucas,Luciano
Mackenzie,Makenzie
Mackinley,Makinley
Malcolm,Calum
Malcolm,Mal
Malcolm,Malcom
Malcolm,Malcombe
Marcus,Markus
Marius,Mariusz
Mark,Marco
Mark,Marc
Mark,Marko
Martin,Marten
Martin,Martino
Martin,Marty
Matthew,Mat
Matthew,Matheus
Matthew,Mathew
Matthew,Mathews
Matthew,Mathias
Matthew,Matt
Matthew,Matteo
Matthew,Mattheus
Matthew,Mattheo
Maurice,Maurits
Maurice,Morey
Maxwell,Max
Maxwell,Maxim
Maxwell,Maximillan
Maxwell,Maxin
Michael,Micah
Mohammad,Mohamad
Mohammad,Mouhammad
Neal,Gneil
Neal,Gniel
Neal,Neale
Neal,Neil
Neal,Neill
Neal,Niels
Neville,Nevil
Neville,Nevile
Nicholas,Claus
Nicholas,Cole
Nicholas,Klaus
Nicholas,Nic
Nicholas,Nichalas
Nicholas,Nick
Nicholas,Nicklaas
Nicholas,Nicklas
Nicholas,Nicol
Nicholas,Nicolaas
Nicholas,Nicolas
Nicholas,Nicolhas
Nicholas,Nicolo
Nicholas,Nikolaus
Noel,Noelland
Noel,Nolan
Noel,Nowell
Norman,Norm
Norman,Normand
Oliver,Olie
Oliver,Ollie
Oscar,Ossie
Oscar,Oskar
Patrick,Paddy
Patrick,Pat
Paul,Pablo
Paul,Paolo
Peter,Pedro
Peter,Pete
Peter,Petee
Peter,Pieter
Peter,Petro
Peter,Piedro
Peter,Perre
Peter,Pietro
Percy,Perc
Percy,Perceval
Percy,Percival
Percy,Piesse
Phillip,Felip
Phillip,Felipa
Phillip,Filip
Phillip,Filippo
Phillip,Phil
Phillip,Philip
Phillip,Philipp
Phillip,Philipps
Phillip,Phillipp
Phillip,Phillipps
Phillip,Phillips
Ralph,Raoul
Ralph,Rolf
Randolph,Randall
Randolph,Randell
Randolph,Randolf
Randolph,Randy
Raphael,Ralphael
Raphael,Raphel
Raphael,Raph
Raymond,Rae
Raymond,Raemonde
Raymond,Raman
Raymond,Ramie
Raymond,Ramon
Raymond,Ramond
Raymond,Ray
Raymond,Raye
Raymond,Raymand
Raymond,Raymen
Raymond,Rayment
Raymond,Raymon
Raymond,Raymonde
Raymond,Raymont
Raymond,Raymund
Raymond,Rey
Raymond,Reymond
Reginald,Reg
Reginald,Reggie
Reginald,Regginald
Reginald,Reginal
Reginald,Reginold
Reginald,Regional
Reginald,Reinald
Reginald,Renato
Reginald,Rheinholdt
Reginald,Rignold
Reginald,Rinaldo
Reuben,Ruben
Richard,Rich
Richard,Dick
Richard,Reich
Richard,Ricard
Richard,Riccardo
Richard,Richards
Richard,Richerd
Richard,Richie
Richard,Rick
Richard,Ritch
Richard,Ritchad
Richard,Ritchard
Richard,Ritchie
Riley,Ryley
Robert,Bob
Robert,Bobby
Robert,Rob
Robert,Robb
Robert,Robbie
Robert,Robby
Robert,Roberto
Robert,Robt
Robert,Rupert
Robin,Robbin
Rodney,Rod
Roger,Rodger
Roger,Rog
Roland,Orlando
Roland,Roalan
Roland,Rolando
Roland,Rolland
Roland,Rollie
Roland,Rollo
Roland,Rolly
Roland,Rowland
Ronald,Ron
Ronald,Ronie
Ronald,Ronney
Ronald,Ronnie
Ronald,Ronny
Rudolph,Dolf
Rudolph,Rolph
Rudolph,Rud
Rudolph,Ruddy
Rudolph,Rudi
Rudolph,Rudolf
Rudolph,Rudolfo
Rudolph,Rudy
Russell,Rusell
Russell,Russ
Russell,Russel
Russell,Russyl
Russell,Rustell
Samuel,Samie
Samuel,Sammy
Samuel,Samual
Samuel,Samir
Sebastian,Seb
Shane,Shaun
Shane,Shawn
Shane,Sean
Siegfried,Seigeried
Siegfried,Seigried
Siegfried,Siegfrid
Siegfried,Siegried
Siegfried,Sigfried
Siegmund,Sigmund
Siegmund,Zigmund
Sidney,Sid
Sidney,Siddney
Sidney,Syd
Sidney,Sydenham
Sidney,Sydmin
Sidney,Sydney
Silvester,Sylvester
Simon,Simeon
Simon,Simmie
Solomon,Sol
Stanley,Stan
Stephen,Steven
Stephen,Etienne
Stephen,Stefano
Stephen,Stephene
Stephen,Stevan
Stephen,Steve
Stephen,Stiven
Stephen,Stephan
Stephen,Stefan
Stephen,Stefen
Stuart,Stew
Stuart,Steward
Stuart,Stewart
Stuart,Stu
Terrence,Terance
Terrence,Terence
Terrence,Terrance
Terrence,Terrens
Terrence,Terry
Thaddeus,Tad
Thaddeus,Taddeo
Theodore,Theo
Theodore,Theodor
Theodore,Theodorius
Theodore,Theodorus
Theodore,Theodourus
Theodore,Theofilos
Theodore,Theophilus
Thomas,Tam
Thomas,Tom
Thomas,Tomasco
Thomas,Tomasz
Thomas,Tommie
Thomas,Tommy
Thomas,Tomme
Thor,Tor
Timothy,Tim
Timothy,Timmy
Timothy,Timotheo
Tobias,Tobie
Tobias,Toby
Todd,Tod
Travis,Traver
Travis,Travers
Tristan,Trystan
Troy,Troi
Taylor,Tayler
Taylor,Tyler
Tyron,Tyrone
Valentin,Valda
Valentin,Valentine
Valentin,Valentino
Valerian,Velerijan
Victor,Vic
Victor,Vittorio
Vincent,Vin
Vincent,Vince
Vincent,Vincente
Vincent,Vinnie
Walentin,Walenty
Wallace,Wal
Wallace,Walch
Wallace,Walley
Wallace,Wallie
Wallace,Wallis
Wallace,Wally
Wallace,Walsh
Wallace,Welch
Wallace,Welsh
Walter,Gualtiero
Walter,Walt
Walter,Wat
Warwick,Warrick
Wesley,Wes
Wesley,Wess
Wesley,Westleigh
Wesley,Westley
William,Bill
William,Billie
William,Billy
William,Guglielmo
William,Vassileos
William,Wiley
William,Wilheim
William,Wilhelm
William,Wilie
William,Wil
William,Will
William,Willem
William,Willi
William,Willy
Winifred,Winnie
Winifred,Winny
Woorward,Woodworth
Yousef,Youssef
Yvan,Ivan
Zachary,Zac
Zachary,Zach
Zachary,Zack
Zachary,Zachariah
Zachary,Zakariah
