Tahtay Adiyabo,77333,Tigray,1
Laelay Adiabo,37017,Tigray,1
Zana,69755,Tigray,1
Tahtay Koraro,91466,Tigray,1
Asgede,104407,Tigray,1
Tselemti,128532,Tigray,1
Sheraro town,35197,Tigray,1
Indasilassie town,94958,Tigray,1
Selekleka,69507,Tigray,1
Seyemti Adyabo,54741,Tigray,1
Adi Daero,11952,Tigray,1
Adi Hageray,30118,Tigray,1
Tsimbla,70962,Tigray,1
Endabaguna town,6478,Tigray,1
Dima (TG),34068,Tigray,1
May Tsebri town,6847,Tigray,1
Chila,73419,Tigray,1
Aheferom,74954,Tigray,1
Edaga arbi,66697,Tigray,1
Adwa,102929,Tigray,1
Laelay Maychew,74493,Tigray,1
Tahtay Mayechew,76204,Tigray,1
Adet,83234,Tigray,1
Kola Temben,80450,Tigray,1
Naeder,69133,Tigray,1
Abergele (TG),71099,Tigray,1
Abi Adi town,29653,Tigray,1
Adwa town,93639,Tigray,1
Axum town,88671,Tigray,1
Rama,60077,Tigray,1
Ahsea,40033,Tigray,1
Egela,107864,Tigray,1
Hahayle,31319,Tigray,1
Endafelasi,53462,Tigray,1
Emba Sieneti,50543,Tigray,1
Enticho town,12028,Tigray,1
Keyhe tekli,92872,Tigray,1
Tanqua Melashe,48233,Tigray,1
Gulo Mekeda,81473,Tigray,1
Erob,31596,Tigray,1
Saesie,84023,Tigray,1
Ganta Afeshum,82837,Tigray,1
Hawzen,116166,Tigray,1
Kelete Awelallo,70668,Tigray,1
Atsbi,70647,Tigray,1
Adigrat town,115686,Tigray,1
Wukro town,66507,Tigray,1
Bizet,34923,Tigray,1
Edaga Hamus town,9002,Tigray,1
Hawzen town,7373,Tigray,1
Freweyni town,6103,Tigray,1
Tsaeda Emba,75134,Tigray,1
Atsbi town,12437,Tigray,1
Agulae,108647,Tigray,1
Geraleta,64198,Tigray,1
Zala Anbesa town,10795,Tigray,1
Selewa,54366,Tigray,1
Bora (TG),38289,Tigray,1
Neqsege,28146,Tigray,1
Emba Alaje,40563,Tigray,1
Endamehoni,67682,Tigray,1
Raya Azebo,98518,Tigray,1
Raya  Alamata,90094,Tigray,1
Ofla,77651,Tigray,1
Maichew town,48834,Tigray,1
Korem town,41497,Tigray,1
Alamata town,73530,Tigray,1
Mekhoni town,10400,Tigray,1
Zata,54180,Tigray,1
Chercher,69383,Tigray,1
Kafta Humera,105558,Tigray,1
Welkait,111490,Tigray,1
Tsegede (TG),99111,Tigray,1
Setit Humera,44422,Tigray,1
May Kadra,21869,Tigray,1
Dansha town,27719,Tigray,1
Awra (TG),34100,Tigray,1
Korarit,22785,Tigray,1
May Gaba,830,Tigray,1
Saharti,53648,Tigray,1
Enderta,84428,Tigray,1
Hintalo,88471,Tigray,1
Degua Temben,37064,Tigray,1
Hagere Selam town,9184,Tigray,1
Samre,93971,Tigray,1
Adigudom,15580,Tigray,1
Wajirat,68710,Tigray,1
Mekelle,520929,Tigray,1
Dubti,64231,Afar,1
Elidar,98798,Afar,1
Asayita,38616,Afar,1
Afambo,27731,Afar,1
Mile,72141,Afar,1
Chifra,110953,Afar,1
Dubti town,37427,Afar,1
Kori,34076,Afar,1
Adar,63467,Afar,1
Gerani,73158,Afar,1
Asayita town,35053,Afar,1
Samera Logiya town,35681,Afar,1
Erebti,63804,Afar,1
Kunneba,63548,Afar,1
Abaala,38051,Afar,1
Megale,32014,Afar,1
Berahile,94051,Afar,1
Dalol,95117,Afar,1
Afdera,39641,Afar,1
Bidu,72585,Afar,1
Abaala town,15174,Afar,1
Amibara,26536,Afar,1
Awash,43607,Afar,1
Gewane,41217,Afar,1
Dulecha,24284,Afar,1
Gelalu,35282,Afar,1
Arguba,26570,Afar,1
Hanruka,74012,Afar,1
Awash town,37388,Afar,1
Awra (AF),40241,Afar,1
Euwa,53750,Afar,1
Teru,77062,Afar,1
Yalo,53501,Afar,1
Gulina,59476,Afar,1
Telalek,44152,Afar,1
Samurobi,36631,Afar,1
Dawe,49427,Afar,1
Dalefage,45420,Afar,1
Hadelela,41456,Afar,1
Addi Arekay,117234,Amhara,1
Beyeda,115309,Amhara,1
Janamora,217914,Amhara,1
Debark,135348,Amhara,1
Dabat,187193,Amhara,1
Dabat town,12165,Amhara,1
Telemt,96403,Amhara,1
Debark town,42333,Amhara,1
Ebenat,199405,Amhara,1
Libokemekem,266618,Amhara,1
Fogera,234345,Amhara,1
Farta,180280,Amhara,1
Lay Gayint,258232,Amhara,1
Tach Gayint,124614,Amhara,1
Semada,181200,Amhara,1
East Esite,227047,Amhara,1
Dera (AM),301239,Amhara,1
Debre Tabor town,113258,Amhara,1
West Esite,146564,Amhara,1
Guna Begemider,80263,Amhara,1
Mena Meketewa,78167,Amhara,1
Sede Muja,91143,Amhara,1
Nefas Mewicha town,19345,Amhara,1
Woreta town,51292,Amhara,1
Mekan Eyesuse,28331,Amhara,1
Adisezemen town,44926,Amhara,1
Bugna,96110,Amhara,1
Raya Kobo,242295,Amhara,1
Gidan,189510,Amhara,1
Meket,190711,Amhara,1
Wadla,151557,Amhara,1
Guba Lafto,203516,Amhara,1
Habru,197340,Amhara,1
Woldiya town,94000,Amhara,1
Lasta,115785,Amhara,1
Dawunt,81362,Amhara,1
Gazo,22700,Amhara,1
Angot,80991,Amhara,1
Mersa town,43983,Amhara,1
Lalibela town,35314,Amhara,1
Kobo town,67494,Amhara,1
Argoba,40354,Amhara,1
Tenta,199650,Amhara,1
Kutaber,114397,Amhara,1
Ambasel,145750,Amhara,1
Thehulederie,118922,Amhara,1
Delanta,154281,Amhara,1
Kalu,234422,Amhara,1
Albuko,92032,Amhara,1
Dessie Zuria,181848,Amhara,1
Legambo,196798,Amhara,1
Sayint,172033,Amhara,1
Borena /Debresina,172406,Amhara,1
Kelela,164840,Amhara,1
Jama,151635,Amhara,1
Were Ilu,127871,Amhara,1
Wegde,159958,Amhara,1
Kombolcha town,158695,Amhara,1
Dessie town,280210,Amhara,1
Mehal Sayint,84684,Amhara,1
Legehida,79236,Amhara,1
Mekdela,169028,Amhara,1
Worebabu,121859,Amhara,1
Wereilu town,23316,Amhara,1
Mekane Selame,17761,Amhara,1
Hike town,30049,Amhara,1
Mida Woremo,114296,Amhara,1
Merhabete,145289,Amhara,1
Ensaro,69887,Amhara,1
Moretna Jiru,115118,Amhara,1
Menze Gera Midir,126192,Amhara,1
Gishe Rabel,73409,Amhara,1
Antsokiya,102284,Amhara,1
Eferatana Gidem,136790,Amhara,1
Menze Mama Midir,103920,Amhara,1
Tarema Ber,106480,Amhara,1
Mojan Wedera,82517,Amhara,1
Kewet,116215,Amhara,1
Angolelana Tera,99911,Amhara,1
Assagirt,56901,Amhara,1
Ankober,92089,Amhara,1
Hagere Mariam,65615,Amhara,1
Berehet,43647,Amhara,1
Minjar Shenkora,159381,Amhara,1
Basona Worena,140497,Amhara,1
Debre Berhan town,132788,Amhara,1
Menze Keya Gabriel,55618,Amhara,1
Menze Lalo Midir,41276,Amhara,1
Siya Debirna Wayu,74373,Amhara,1
Shoa Robit,62545,Amhara,1
Mehale Meda town,22500,Amhara,1
Ataye town,31218,Amhara,1
Aleme Ketma,26703,Amhara,1
Bibugn,100091,Amhara,1
Hulet Ej Enese,282583,Amhara,1
Goncha Siso Enebse,179708,Amhara,1
Enebse Sarmder,165190,Amhara,1
Enarj Enawga,213223,Amhara,1
Enemay,168850,Amhara,1
Debay Telatgen,152068,Amhara,1
Debre Elias,105661,Amhara,1
Michakel,143911,Amhara,1
Guzamn,155504,Amhara,1
Baso Liben,165213,Amhara,1
Awabel,150676,Amhara,1
Dejen,108029,Amhara,1
Shebel Bernta,134342,Amhara,1
Debre Markos town,127170,Amhara,1
Senan,118126,Amhara,1
Aneded,106757,Amhara,1
Sedae,84968,Amhara,1
Mota Town,62353,Amhara,1
Dejen town,17704,Amhara,1
Bechena Town,38426,Amhara,1
Semen Achefer,232491,Amhara,1
Bahirdar Zuria,210676,Amhara,1
Yilmana Densa,225660,Amhara,1
Mecha,129075,Amhara,1
Sekela,165932,Amhara,1
Quarit,136572,Amhara,1
Dega Damot,181640,Amhara,1
Dembecha,159930,Amhara,1
Jabi Tehnan,217934,Amhara,1
Bure (AM),135105,Amhara,1
Wemberma,125317,Amhara,1
Bahir Dar town,414951,Amhara,1
Debub Achefer,167783,Amhara,1
Finote Selam town,52808,Amhara,1
Debub Mecha,181562,Amhara,1
Denbecha town,36489,Amhara,1
Gonje,126792,Amhara,1
Merawi town,46217,Amhara,1
Bure town,64632,Amhara,1
Adete town,39061,Amhara,1
Zequala,59114,Amhara,1
Sekota,88134,Amhara,1
Dehana,140863,Amhara,1
Gaz Gibla,81702,Amhara,1
Abergele (AM),49799,Amhara,1
Sahila,27310,Amhara,1
Sekota town,45477,Amhara,1
Tsagbeji,41474,Amhara,1
Dangila,151837,Amhara,1
Banja,103216,Amhara,1
Ankasha,123250,Amhara,1
Guangua,220917,Amhara,1
Fagta Lakoma,153591,Amhara,1
Jawi,145323,Amhara,1
Guagusa Shikudad,104776,Amhara,1
Ayehu Guwagusa,121713,Amhara,1
Injibara town,45788,Amhara,1
Zigem,127488,Amhara,1
Dangila town,54999,Amhara,1
Chagni town,63423,Amhara,1
Dewa Cheffa,156342,Amhara,1
Bati,104553,Amhara,1
Jilye Tumuga,91551,Amhara,1
Artuma Fursi,104158,Amhara,1
Dewa Harewa,51300,Amhara,1
Kemisie town,46056,Amhara,1
Bati Town,42723,Amhara,1
Chilga 1,55540,Amhara,1
Tsegede (AM),89921,Amhara,1
Lay Armacho,192975,Amhara,1
Wegera,286472,Amhara,1
Gonder Zuria,236868,Amhara,1
East Dembia,172452,Amhara,1
Chilga 2,175877,Amhara,1
Alfa,231797,Amhara,1
West Belesa,171392,Amhara,1
East Belesa,143994,Amhara,1
Gonder town,421172,Amhara,1
Tach Armacho,166350,Amhara,1
Takusa,178764,Amhara,1
Kinfaz,149300,Amhara,1
West Dembiya,160584,Amhara,1
Aykel town,42143,Amhara,1
Mirab Armacho,47920,Amhara,1
Metema,150311,Amhara,1
Quara,112652,Amhara,1
Midre Genet,30784,Amhara,1
Metema Yohanes town,10100,Amhara,1
Gendawuha town,50444,Amhara,1
Mana Sibu,150706,Oromia,1
Nejo,108897,Oromia,1
Gimbi,105275,Oromia,1
Lalo Asabi,109636,Oromia,1
Kiltu Kara,74839,Oromia,1
Boji Dirmeji,62732,Oromia,1
Ayira,72330,Oromia,1
Jarso (West Wellega),69099,Oromia,1
Gudetu Kondole,135126,Oromia,1
Boji Chekorsa,68585,Oromia,1
Babo,85717,Oromia,1
Yubdo,55036,Oromia,1
Gaji,84586,Oromia,1
Haru,95639,Oromia,1
Nole Kaba,85412,Oromia,1
Begi,171117,Oromia,1
Homa,35460,Oromia,1
Sayo Nole,106685,Oromia,1
Guliso,100548,Oromia,1
Gimbi town,56650,Oromia,1
Leta Sibu,57269,Oromia,1
Mendi town,25617,Oromia,1
Nejo town,34728,Oromia,1
Limu (OR),102577,Oromia,1
Ibantu,54424,Oromia,1
Gida Ayana,152749,Oromia,1
Haro Limu,74434,Oromia,1
Boneya Boshe,67763,Oromia,1
Wayu Tuka,87836,Oromia,1
Bila Seyo,78662,Oromia,1
Gobu Seyo,59099,Oromia,1
Sibu Sire,147580,Oromia,1
Diga,96345,Oromia,1
Sasiga,113417,Oromia,1
Leka Dulecha,101955,Oromia,1
Guto Gida,125977,Oromia,1
Jimma Arjo,124056,Oromia,1
Nunu Kumba,92175,Oromia,1
Wama Hagalo,68236,Oromia,1
Kiremu,78684,Oromia,1
Nekemte town,137522,Oromia,1
Darimu,205110,Oromia,1
Alge Sachi,109721,Oromia,1
Yayu,76764,Oromia,1
Metu Zuria,86106,Oromia,1
Ale,76487,Oromia,1
Bure (OR),73073,Oromia,1
Sale Nono,32595,Oromia,1
Becho (Ilu Aba Bora),52165,Oromia,1
Bilo Nopha,40917,Oromia,1
Hurumu,61285,Oromia,1
Didu,45875,Oromia,1
Halu /Huka,24202,Oromia,1
Metu town,54318,Oromia,1
Dorani,51015,Oromia,1
Limu Seka,152681,Oromia,1
Limu Kosa,227936,Oromia,1
Sekoru,196367,Oromia,1
Tiro Afeta,169833,Oromia,1
Kersa (Jimma),243053,Oromia,1
Mena (Jimma),205736,Oromia,1
Goma,301597,Oromia,1
Gera,159502,Oromia,1
Seka Chekorsa,294578,Oromia,1
Dedo,225575,Oromia,1
Omo Nada,220819,Oromia,1
Sigmo,131701,Oromia,1
Setema,146680,Oromia,1
Shebe Sambo,159246,Oromia,1
Chora (Jimma),142981,Oromia,1
Gumay,86983,Oromia,1
Agaro town,46548,Oromia,1
Jimma town,221227,Oromia,1
Mancho,187898,Oromia,1
Omo Beyam,137832,Oromia,1
Botor Tolay,64666,Oromia,1
Nono Benja,82805,Oromia,1
Illu Galan,88274,Oromia,1
Ginde Beret,150173,Oromia,1
Jeldu,218564,Oromia,1
Ambo Zuria,140222,Oromia,1
Mida Kegn,111537,Oromia,1
Cheliya,110006,Oromia,1
Bako Tibe,181036,Oromia,1
Dano,138829,Oromia,1
Nono,119508,Oromia,1
Tikur Enchini,101183,Oromia,1
Dendi,187372,Oromia,1
Ejere /Addis Alem,125222,Oromia,1
Adda Berga,174705,Oromia,1
Meta Robi,111813,Oromia,1
Ambo town,157288,Oromia,1
Abuna Ginde Beret,153110,Oromia,1
Toke Kutaye,131670,Oromia,1
Jibat,85525,Oromia,1
Ifata,80596,Oromia,1
Ejersa Lafo,82267,Oromia,1
Cobi,69550,Oromia,1
Meta Walkite,85423,Oromia,1
Liban Jawi,82066,Oromia,1
Wara Jarso,201187,Oromia,1
Dera (OR),257342,Oromia,1
Hidabu Abote,118172,Oromia,1
Kuyu,176986,Oromia,1
Degem,140480,Oromia,1
Gerar Jarso,93524,Oromia,1
Debre Libanos,66694,Oromia,1
Wuchale,139366,Oromia,1
Abichugna Gne'a,105590,Oromia,1
Kimbibit,109048,Oromia,1
Fiche town,50358,Oromia,1
Yaya Gulele,77553,Oromia,1
Jida,74574,Oromia,1
Aleltu,75921,Oromia,1
Fentale,85003,Oromia,1
Boset,210146,Oromia,1
Adama,207823,Oromia,1
Lome (OR),125637,Oromia,1
Gimbichu,123506,Oromia,1
Ada'a,192206,Oromia,1
Dugda,218127,Oromia,1
Adama Tulu Jido Kombolcha,299253,Oromia,1
Bishoftu town,188677,Oromia,1
Bora (OR),87056,Oromia,1
Liben Chukala,107346,Oromia,1
Adama town,436283,Oromia,1
Mojo Town,62988,Oromia,1
Metehara town,43612,Oromia,1
Merti,132008,Oromia,1
Aseko,119538,Oromia,1
Golocha,143925,Oromia,1
Jeju,155789,Oromia,1
Dodota,98119,Oromia,1
Ziway Dugda,149516,Oromia,1
Hitosa,180760,Oromia,1
Sude,206605,Oromia,1
Chole,127952,Oromia,1
Amigna,104617,Oromia,1
Seru,68001,Oromia,1
Robe,238658,Oromia,1
Tena,95399,Oromia,1
Shirka,234829,Oromia,1
Degeluna Tijo,201445,Oromia,1
Tiyo,123456,Oromia,1
Munessa,239779,Oromia,1
Limu Bilbilo,228979,Oromia,1
Guna,109338,Oromia,1
Sire,112344,Oromia,1
Lude Hitosa,155629,Oromia,1
Diksis,118787,Oromia,1
Bele Gesgar,105398,Oromia,1
Inkolo Wabe,84380,Oromia,1
Asela town,123030,Oromia,1
Shanan Kolu,96831,Oromia,1
Bekoji town,32455,Oromia,1
Mieso,145299,Oromia,1
Doba,187529,Oromia,1
Tulo (OR),212256,Oromia,1
Mesela,214491,Oromia,1
Chiro town,61478,Oromia,1
Anchar,117094,Oromia,1
Goba Koricha,141329,Oromia,1
Habro,275622,Oromia,1
Daro Lebu,198541,Oromia,1
Boke,150177,Oromia,1
Kuni /Oda Bultum,219919,Oromia,1
Gemechis,242796,Oromia,1
Chiro Zuria,236077,Oromia,1
Bedesa,33224,Oromia,1
Hawi Gudina,69713,Oromia,1
Gumbi Bordede,91629,Oromia,1
Burqua Dhintu,60640,Oromia,1
Babile town,32403,Oromia,1
Kombolcha,201553,Oromia,1
Jarso (East Hararghe),163803,Oromia,1
Gursum (OR),216402,Oromia,1
Babile (OR),103507,Oromia,1
Fedis,159184,Oromia,1
Haro Maya,316482,Oromia,1
Kurfa Chele,84664,Oromia,1
Kersa (East Hararge),242375,Oromia,1
Meta,246889,Oromia,1
Goro Gutu,205863,Oromia,1
Deder,314225,Oromia,1
Melka Balo,250595,Oromia,1
Bedeno,338690,Oromia,1
Midhaga Tola,107942,Oromia,1
Chinaksen,126326,Oromia,1
Girawa,336312,Oromia,1
Golo Oda,115923,Oromia,1
Meyu Muleke,65609,Oromia,1
Haromaya town,56167,Oromia,1
Goro Muti,112969,Oromia,1
Deder town,23678,Oromia,1
Kumbi,31399,Oromia,1
Aweday town,14047,Oromia,1
Agarfa,147543,Oromia,1
Gasera,111600,Oromia,1
Sinana,164730,Oromia,1
Goba (OR),56637,Oromia,1
Harena Buluk,116239,Oromia,1
Mena (Bale),129275,Oromia,1
Meda Welabu,136856,Oromia,1
Berbere,128414,Oromia,1
Gura Damole,40809,Oromia,1
Goro (Bale),119216,Oromia,1
Robe Town,81152,Oromia,1
Goba town,58650,Oromia,1
Dinsho,56085,Oromia,1
Dawe Serer,59973,Oromia,1
Yabelo,60422,Oromia,1
Arero,50281,Oromia,1
Moyale (OR),39951,Oromia,1
Dire,53659,Oromia,1
Teltale,78670,Oromia,1
Miyo,57641,Oromia,1
Dilo,16958,Oromia,1
Dhas,26921,Oromia,1
Gomole,31714,Oromia,1
Guchi,23190,Oromia,1
Dubluk,31572,Oromia,1
Elwaya,31778,Oromia,1
Yabelo town,31949,Oromia,1
Wachile,30051,Oromia,1
Ameya,172367,Oromia,1
Wenchi,132013,Oromia,1
Waliso,196064,Oromia,1
Dawo,102702,Oromia,1
Ilu,90378,Oromia,1
Kersana Malima,115429,Oromia,1
Tole,88671,Oromia,1
Becho (SW Shewa),109214,Oromia,1
Seden Sodo,108633,Oromia,1
Woliso town,69290,Oromia,1
Goro (SW Shewa),64847,Oromia,1
Sodo Daci,61792,Oromia,1
Uraga,163050,Oromia,1
Bore,166202,Oromia,1
Adola,154186,Oromia,1
Wadera,72814,Oromia,1
Odo Shakiso,132520,Oromia,1
Liben,94333,Oromia,1
Dama,88354,Oromia,1
Girja /Harenfema,70165,Oromia,1
Ana Sora,128120,Oromia,1
Saba Boru,72160,Oromia,1
Gora Dola,84339,Oromia,1
Negele town,64442,Oromia,1
Aga Wayu,43612,Oromia,1
Haro Walabu,92575,Oromia,1
Adola town,41937,Oromia,1
Gumi Idalo,16849,Oromia,1
Shakiso town,53406,Oromia,1
Bule Hora,278185,Oromia,1
Kercha,254244,Oromia,1
Hambela Wamena,146642,Oromia,1
Abaya,145633,Oromia,1
Dugda Dawa,96892,Oromia,1
Gelana (West Guji),100716,Oromia,1
Melka Soda,80870,Oromia,1
Bule Hora town,50835,Oromia,1
Suro Berguda,42936,Oromia,1
Birbirsa Kojowa,66085,Oromia,1
Chora (Buno Bedele),143094,Oromia,1
Dega,56187,Oromia,1
Dabo Hana,59219,Oromia,1
Gechi,101052,Oromia,1
Borecha,104426,Oromia,1
Dedesa,120506,Oromia,1
Meko,30585,Oromia,1
Bedele town,35693,Oromia,1
Badele Zuria,107980,Oromia,1
Chwaka,78378,Oromia,1
Dodola town,38051,Oromia,1
Siraro,206345,Oromia,1
Shala,213197,Oromia,1
Arsi Negele,249856,Oromia,1
Kofele,243994,Oromia,1
Kore,146545,Oromia,1
Gedeb Asasa,268882,Oromia,1
Dodola,233531,Oromia,1
Kokosa,202392,Oromia,1
Nenesebo,161893,Oromia,1
Adaba,199501,Oromia,1
Shashemene town,183711,Oromia,1
Shashemene Zuria,308634,Oromia,1
Heban Arsi,77946,Oromia,1
Wondo,121684,Oromia,1
Bishan Guracha,28581,Oromia,1
Arsi Negele town,111920,Oromia,1
Hawa Galan,150290,Oromia,1
Yama Logi Welel,58064,Oromia,1
Dale Wabera,142045,Oromia,1
Gawo Kebe,84570,Oromia,1
Sayo,162101,Oromia,1
Denbi Dollo town,53829,Oromia,1
Anfilo,111380,Oromia,1
Dale Sadi,104982,Oromia,1
Gidami,121836,Oromia,1
Jimma Horo,65019,Oromia,1
Lalo Kile,69165,Oromia,1
Sedi Chenka,60071,Oromia,1
Horo,48223,Oromia,1
Shambu town,27406,Oromia,1
Guduru,91146,Oromia,1
Ababo,64026,Oromia,1
Abay Chomen,71262,Oromia,1
Jimma Genete,92242,Oromia,1
Jimma Rare,81057,Oromia,1
Jarte Jardega,70112,Oromia,1
Amuru,76907,Oromia,1
Abe Dongoro,94227,Oromia,1
Choman Guduru,53532,Oromia,1
Horo Buluk,57619,Oromia,1
Burayu,115781,Oromia,1
Lege Tafo-Lege Dadi town,23889,Oromia,1
Sululta town,27961,Oromia,1
Sebeta Hawas,139285,Oromia,1
Dukem,14365,Oromia,1
Sebeta town,177501,Oromia,1
Bereh,97356,Oromia,1
Akaki,86089,Oromia,1
Sululta,174235,Oromia,1
Welmera,117974,Oromia,1
Mulo,49844,Oromia,1
Sendafa town,23250,Oromia,1
Holeta town,49216,Oromia,1
Gelana (Finfine),16803,Oromia,1
Gololcha Bale,142639,Oromia,1
Lege Hida,88467,Oromia,1
Ginir,107008,Oromia,1
Rayitu,47493,Oromia,1
Seweyna,93860,Oromia,1
Dawe Ketchen,43497,Oromia,1
Ginir town,31266,Oromia,1
Ayisha,76812,Somali,1
Dembel,108529,Somali,1
Shinile,67827,Somali,1
Erer (SM),92091,Somali,1
Afdem,75196,Somali,1
Hadhagala,67010,Somali,1
Miesso,94582,Somali,1
Gota-Biki,48599,Somali,1
Gablalu,30812,Somali,1
Gursum (SM),36247,Somali,1
Babile,102264,Somali,1
Shabeeley,80653,Somali,1
Aw-Bare,315306,Somali,1
Kebribeyah,126148,Somali,1
Harshin,106116,Somali,1
Tuliguled,65554,Somali,1
Goljano,55828,Somali,1
Jigjiga town,163208,Somali,1
Wajale town,29440,Somali,1
Kebribayah town,18068,Somali,1
Koran /Mulla,20980,Somali,1
Haroreys,59585,Somali,1
Harawo,104903,Somali,1
Degehamedo,77269,Somali,1
Degehabur,43189,Somali,1
Aware,43754,Somali,1
Gashamo,102136,Somali,1
Gunagado,149302,Somali,1
Bilcil-Bur,22076,Somali,1
Degahabur town,40812,Somali,1
Yocale,42371,Somali,1
Daror,39980,Somali,1
Burqod,36795,Somali,1
Ararso,40217,Somali,1
Dig,22075,Somali,1
Fik,93700,Somali,1
Hamero,58679,Somali,1
Lagahida,23030,Somali,1
Meyumuluka,15748,Somali,1
Qubi,42979,Somali,1
Yahob,20980,Somali,1
Wangey,20980,Somali,1
Shaygosh,64324,Somali,1
Kebridehar,73652,Somali,1
Shilabo,76088,Somali,1
Debeweyin,92645,Somali,1
Marsin,75575,Somali,1
Kebridehar town,39840,Somali,1
Goglo,25537,Somali,1
Lasdhankayre,20429,Somali,1
Higloley,20477,Somali,1
El-Ogaden,20429,Somali,1
Bodaley,18386,Somali,1
East Imi,105355,Somali,1
Adadle,110110,Somali,1
Danan,34163,Somali,1
Gode,22943,Somali,1
Kelafo,102249,Somali,1
Mustahil,61924,Somali,1
Ferfer,51530,Somali,1
Berocano,67629,Somali,1
Godey town,64169,Somali,1
Elale,17244,Somali,1
Aba-Korow,30375,Somali,1
Danod,30762,Somali,1
Bokh,136355,Somali,1
Galadi,129658,Somali,1
Warder,43966,Somali,1
Daratole,32019,Somali,1
Lehel-Yucub,26918,Somali,1
Galhamur,37545,Somali,1
Charati,121473,Somali,1
Elkare /Serer,76354,Somali,1
West Imi,63576,Somali,1
Hargele,104673,Somali,1
Barey,103719,Somali,1
Dolobay,111289,Somali,1
Raso,41221,Somali,1
Kohle /Qoxle,29622,Somali,1
God-God,20429,Somali,1
Filtu,113652,Somali,1
Dolo Odo,143375,Somali,1
Goro Baqaqsa,67819,Somali,1
Guradamole,27660,Somali,1
Quarsadula,55300,Somali,1
Deka Suftu,59529,Somali,1
Bokolmayo,51533,Somali,1
Ayun,20456,Somali,1
Elwayne,30871,Somali,1
Garbo,49522,Somali,1
Salahad,33782,Somali,1
Sagag,26438,Somali,1
Dihun,21827,Somali,1
Horshagah,19407,Somali,1
Hararey,20730,Somali,1
Moyale (SM),269161,Somali,1
Hudet,57121,Somali,1
Mubarek,66531,Somali,1
Qada Duma,76554,Somali,1
Dangura,81368,Benishangul Gumz,1
Guba,24614,Benishangul Gumz,1
Wenbera,92466,Benishangul Gumz,1
Madira,69161,Benishangul Gumz,1
Debati,104927,Benishangul Gumz,1
Pawe,80100,Benishangul Gumz,1
Bulen,74133,Benishangul Gumz,1
Menge,38948,Benishangul Gumz,1
Kurmuk,24757,Benishangul Gumz,1
Assosa,120710,Benishangul Gumz,1
Sherkole,36562,Benishangul Gumz,1
Bambasi,82920,Benishangul Gumz,1
Bilidigilu,81082,Benishangul Gumz,1
Homosha,31653,Benishangul Gumz,1
Undulu,20442,Benishangul Gumz,1
Zayi,20069,Benishangul Gumz,1
Sedal,29548,Benishangul Gumz,1
Kamashi,34737,Benishangul Gumz,1
Dembi,35089,Benishangul Gumz,1
Mizyiga,46474,Benishangul Gumz,1
Maokomo Special,75181,Benishangul Gumz,1
Kebena,69061,SNNP,1
Abeshege,76866,SNNP,1
Ezha,114844,SNNP,1
Gedebano Gutazer Welene,124619,SNNP,1
Sodo,130394,SNNP,1
Meskan,123978,SNNP,1
Mareko,90329,SNNP,1
Endiguagn,60572,SNNP,1
Gumer,105285,SNNP,1
Cheha,113593,SNNP,1
Enemor Ener,148424,SNNP,1
Muhur Na Aklil,116281,SNNP,1
Geta,90635,SNNP,1
Welkite town,86664,SNNP,1
Butajira town,76329,SNNP,1
Emdebir town,28313,SNNP,1
Bui town,21096,SNNP,1
Misrak Meskan,82528,SNNP,1
Debub Sodo,48533,SNNP,1
Enor Ener,77930,SNNP,1
Misha,98996,SNNP,1
Gombora,117099,SNNP,1
Lemmo,171024,SNNP,1
Shashogo,143089,SNNP,1
Misrak Badawacho,148827,SNNP,1
Soro,163020,SNNP,1
Duna,159897,SNNP,1
Analemmo,83434,SNNP,1
Mirab Badowach,111671,SNNP,1
Gibe,134276,SNNP,1
Hosaena town,139289,SNNP,1
Shone Town,31074,SNNP,1
Gimbichu town,27377,SNNP,1
Jajura town,27277,SNNP,1
Ameka,79596,SNNP,1
Siraro Badawacho,56254,SNNP,1
Mirab Soro,51577,SNNP,1
Tembaro,145088,SNNP,1
Angacha,121402,SNNP,1
Kediada Gambela,26829,SNNP,1
Kacha Bira,131650,SNNP,1
Hadero Tunto,108688,SNNP,1
Doyogena,108863,SNNP,1
Damboya,115174,SNNP,1
Durame town,107399,SNNP,1
Adilo,47675,SNNP,1
Shinshincho town,28428,SNNP,1
Hadero town,35452,SNNP,1
Wenago,145836,SNNP,1
Yirgachefe,183278,SNNP,1
Kochere,128866,SNNP,1
Bule,78349,SNNP,1
Dila Zuria,129791,SNNP,1
Gedeb,122492,SNNP,1
Dila town,117699,SNNP,1
Chelelektu town,26938,SNNP,1
Rape,79141,SNNP,1
Churso,85198,SNNP,1
Gedeb town,31349,SNNP,1
Yirgachefe town,77724,SNNP,1
Boloso Sore,205958,SNNP,1
Damot Gale,140742,SNNP,1
Damot Woide,110615,SNNP,1
Humbo,67244,SNNP,1
Sodo Zuria,126286,SNNP,1
Kindo Koyesha,109837,SNNP,1
Ofa,76585,SNNP,1
Boloso Bombe,116803,SNNP,1
Damot Sore,112946,SNNP,1
Kindo Daddaye,92780,SNNP,1
Damot Pullasa,142806,SNNP,1
Duguna Fango,130052,SNNP,1
Sodo Town,260880,SNNP,1
Areka town,80189,SNNP,1
Boditi town,82493,SNNP,1
Tebela town,26682,SNNP,1
Gesuba town,26101,SNNP,1
Gununo hamus town,25967,SNNP,1
Hobicha  Abaya,48493,SNNP,1
Kawo Koisha,70301,SNNP,1
Abela abaya,37387,SNNP,1
Bayera Koisha,62345,SNNP,1
Salamago,37699,SNNP,1
South Ari,163110,SNNP,1
North Ari,90746,SNNP,1
Hamer,81037,SNNP,1
Bena Tsemay,71510,SNNP,1
Dasenech /Kuraz,71331,SNNP,1
Malie,112384,SNNP,1
Nyngatom,23258,SNNP,1
Jinka town,53245,SNNP,1
Boko Dawula,38574,SNNP,1
Wub Ari,42656,SNNP,1
Anderacha,32601,SNNP,1
Masha,46271,SNNP,1
Yeki,144623,SNNP,1
Tepi,49405,SNNP,1
Masha town,13506,SNNP,1
Saylem,55469,SNNP,1
Gesha,114886,SNNP,1
Gewata,96684,SNNP,1
Gimbo,113751,SNNP,1
Adiyio,144285,SNNP,1
Tullo,86123,SNNP,1
Cheta,44152,SNNP,1
Decha,124146,SNNP,1
Chena,101410,SNNP,1
Bita,100473,SNNP,1
Bonga town,64803,SNNP,1
Goba (SP),43029,SNNP,1
Shisho Ande,85049,SNNP,1
Wacha,32518,SNNP,1
Selamber town,34640,SNNP,1
Boreda,91753,SNNP,1
Mirab Abaya,104439,SNNP,1
Chencha Zuriya,114361,SNNP,1
Ezo /Kogota,40612,SNNP,1
Dita,113067,SNNP,1
Daramalo,109334,SNNP,1
Chencha,91023,SNNP,1
Kemba,132136,SNNP,1
Kemba town,28339,SNNP,1
Gerese,159944,SNNP,1
Bonke,55879,SNNP,1
Arba Minch Zuria,75779,SNNP,1
Gacho Baba,101785,SNNP,1
Kucha Alpha,52103,SNNP,1
Garda Marta,49993,SNNP,1
Kucha,115543,SNNP,1
Arba Minch town,198010,SNNP,1
Sheko,69633,SNNP,1
Gurafereda,50293,SNNP,1
Debub Bench,149485,SNNP,1
Shay Bench,126201,SNNP,1
Semen Bench,104950,SNNP,1
Gidi Bench,39605,SNNP,1
Mizan Aman town,67812,SNNP,1
Size town,34217,SNNP,1
Alle Special,85518,SNNP,1
Karat town,41457,SNNP,1
Segen Zuria,46210,SNNP,1
Karat Zuria,74427,SNNP,1
Kena,125228,SNNP,1
Kulito town,73449,SNNP,1
Wera,114682,SNNP,1
Atote Ulo,86017,SNNP,1
Wera Djo,75512,SNNP,1
Melekoza,128178,SNNP,1
Denba Gofa,95389,SNNP,1
Zala,99722,SNNP,1
Uba Debre Tsehay,95624,SNNP,1
Gezei Gofa,72867,SNNP,1
O'yida,44476,SNNP,1
Sawla town,59936,SNNP,1
Bulike town,23048,SNNP,1
Melo Gada,33129,SNNP,1
Basketo SP Woreda,80293,SNNP,1
Tocha,61180,SNNP,1
Mareka,66061,SNNP,1
Loma,79406,SNNP,1
Gena,48217,SNNP,1
Isara,88760,SNNP,1
Kache,32098,SNNP,1
Tercha Zuriya,75987,SNNP,1
Mari Mansa,73157,SNNP,1
Disa,61066,SNNP,1
Zabagazo,46013,SNNP,1
Tercha town,39246,SNNP,1
Gachit,52582,SNNP,1
Menit Goldiye,66578,SNNP,1
Gori Gesha,17425,SNNP,1
Menit Shasha,41825,SNNP,1
Bero,17568,SNNP,1
Surma,33146,SNNP,1
Maji,44662,SNNP,1
Konta,126142,SNNP,1
Alicho Woriro,125260,SNNP,1
Silti,196399,SNNP,1
Lanfero,162630,SNNP,1
Mierab Azenet Berbere,87998,SNNP,1
Dalocha,116928,SNNP,1
Sankura,114566,SNNP,1
Misrak Azenet Berbere,70995,SNNP,1
Hulbareg,85214,SNNP,1
Tora town,24042,SNNP,1
Worabe town,85843,SNNP,1
Kibet  town,23058,SNNP,1
Mito,71052,SNNP,1
Misirak Silti,39904,SNNP,1
Amaro,203444,SNNP,1
Burji Special,77812,SNNP,1
Derashe Special,145708,SNNP,1
Yem SP Woreda,108135,SNNP,1
Akobo,32849,Gambela,1
Lare,48089,Gambela,1
Jikawo,37878,Gambela,1
Wantawo,30457,Gambela,1
Makuey,23931,Gambela,1
Abobo,24999,Gambela,1
Gambela Zuria,15022,Gambela,1
Gog,28095,Gambela,1
Jore,12930,Gambela,1
Dima (GM),12709,Gambela,1
Gambela town,93086,Gambela,1
Godere,58366,Gambela,1
Mengesh,26729,Gambela,1
Itang,53065,Gambela,1
Sofi,11280,Harari,1
Shenkor,2659,Harari,1
Jinela,2308,Harari,1
Hakim,1498,Harari,1
Erer (HR),141635,Harari,1
Dire Teyara,1721,Harari,1
Amir Nur,663,Harari,1
Aboker,1631,Harari,1
Abadir,112093,Harari,1
Akaki - Kalit,247553,Addis Ababa,1
Nefas Silk,467653,Addis Ababa,1
Kolfe - Keran,580559,Addis Ababa,1
Bole,439417,Addis Ababa,1
Lideta,273084,Addis Ababa,1
Kirkos,299576,Addis Ababa,1
Yeka,478587,Addis Ababa,1
Addis Ketema (AA),345637,Addis Ababa,1
Arada,286390,Addis Ababa,1
Gulele,362267,Addis Ababa,1
Sabian,84798,Dire Dawa,1
Malka Jabti /M.Jebdu),20763,Dire Dawa,1
Legehare,9620,Dire Dawa,1
Addis Ketema (DD),166420,Dire Dawa,1
Gende Kore,13644,Dire Dawa,1
Dechatu,15400,Dire Dawa,1
Hafat Issa,5075,Dire Dawa,1
Kazira,9288,Dire Dawa,1
Police Maret,4998,Dire Dawa,1
Aseliso,69349,Dire Dawa,1
Jeldessa,48548,Dire Dawa,1
Wahil,36286,Dire Dawa,1
Biyoawale,39429,Dire Dawa,1
Shebe Dino,226093,Sidama,1
Hawassa Zuria,161436,Sidama,1
Arbegona,143002,Sidama,1
Dale,238378,Sidama,1
Aleta Wendo,159829,Sidama,1
Dara,125304,Sidama,1
Hulla,97141,Sidama,1
Bensa,188273,Sidama,1
Aroresa,109807,Sidama,1
Boricha,113563,Sidama,1
Gorche,123141,Sidama,1
Malga,146649,Sidama,1
Wonosho,111455,Sidama,1
Chire,108210,Sidama,1
Bursa,93371,Sidama,1
Aleta Chuko,171632,Sidama,1
Bona Zuria,153101,Sidama,1
Hawasa town,473135,Sidama,1
Wondo-Genet,124910,Sidama,1
Yirgalem town,100920,Sidama,1
Aleta Wondo town,75887,Sidama,1
Leku town,34389,Sidama,1
Hawela,104934,Sidama,1
Bura,53351,Sidama,1
Dara Otilicho,101991,Sidama,1
Teticha,82264,Sidama,1
Chirone,41895,Sidama,1
Shafamo,65647,Sidama,1
Chabe Gambeltu,75605,Sidama,1
Daye town,42522,Sidama,1
Hokko,96965,Sidama,1
Bilate Zuria,119230,Sidama,1
Darara,124439,Sidama,1
Daella,40600,Sidama,1
Chuko town,37201,Sidama,1
Wondo-Genet town,56414,Sidama,1
Loka Abaya,109526,Sidama,1
